GTIN/UPC,Price,Branded Food Category,not_a_significant_source_of,serving_size,serving_size_unit,household_serving_fulltext,package_weight,ingredients
5487,3.99,"Chips, Pretzels & Snacks",,28.0,g,1 ONZ,,"UNPEELED POTATOES, SUNFLOWER OIL, SEA SALT."
6163,2.99,"Pickles, Olives, Peppers & Relishes",,28.0,g,1 ONZ,,"GHERKINS (CUCUMBERS), WATER, VINEGAR, SALT, ONIONS,MUSTGARD SEEDS, TARRAGON, GARLIC PEPPER, NATURAL FLAVOR, CONTAINS SULFITIES., GHERKINS (CUCUMBERS), WATER, VINEGAR, SALT, ONIONS,MUSTGARD SEEDS, TARRAGON, GARLIC PEPPER, NATURAL FLAVOR, CONTAINS SULFITIES."
10894,1.99,Tomatoes,,130.0,g,0.5 cup,,"ORGANIC TOMATOES, ORGANIC TOMATO JUICE FROM CONCENTRATE (WATER, ORGANIC TOMATO CONCENTRATE), SEA SALT, CITRIC ACID, CALCIUM CHLORIDE"
14816,4.99,Salad Dressing & Mayonnaise,,15.0,g,,,"WATER, EXPELLER PRESSED CANOLA OIL, CORNSTARCH, DISTILLED VINEGAR, APPLE CIDER VINEGAR, SALT, SOY PROTEIN ISOLATE, XANTHAN GUM, LEMON JUICE CONCENTRATE, ONION POWDER, MIXED TOCOPHEROLS (VITAMIN E) AND ROSEMARY EXTRACT FOR FRESHNESS, MUSTARD OIL, OLEORESIN PAPRIKA, OLEORESIN TURMERIC."
14885,2.49,Nut & Seed Butters,,32.0,g,,16 oz/1 lbs/454 g,"DRY ROASTED PEANUTS, SALT. "
15165,6.99,Baking Additives & Extracts,,,,,,BAKING POWDER
35927,3.99,Canned Seafood,,63.0,g,,,"ALASKAN PINK SALMON, SALT."
38232,6.99,"Pickles, Olives, Peppers & Relishes",,14.0,g,,,"OLIVES STUFFED WITH PIMENTO PASTE, WATER, SALT, VINEGAR (CONTAINS SULFITES), SODIUM ALGINATE, GUAR GUM."
38409,1.99,Canned Meat,,61.0,g,,,"WHITE CHICKEN, CHICKEN BROTH, SALT."
48569,2.99,Cereal,,40.0,g,,,ORGANIC WHOLE GRAIN ROLLED OATS.
57813,3.49,Dips & Salsa,,28.0,g,,,"BLACK BEANS, WATER, TOMATO PASTE, ONIONS, DISTILLED VINEGAR (FROM CORN), HONEY, SALT, JALAPENOS, SPICES, GARLIC."
62176,3.49,Cream,,30.0,ml,,,"MILK, CREAM, MILK, CREAM."
67867,1.99,Water,,240.0,ml,,,NATURAL MOUNTAIN SPRING WATER
73448,1.99,"Seasoning Mixes, Salts, Marinades & Tenderizers",,0.6000000238418579,g,,,"ONION, BLACK PEPPER, CELERY SEED, CAYENNE PEPPER, PARSLEY, BASIL, MARJORAM, BAY LEAF, OREGANO, THYME, SAVORY, ROSEMARY, CUMIN, MUSTARD, CORIANDER, GARLIC, CARROT, ORANGE PEEL, TOMATO, LEMON JUICE AND LEMON OIL, ONION, SPICES (BLACK PEPPER, CELERY SEED, CAYENNE PEPPER, PARSLEY, BASIL, MARJORAM, BAY LEAF, OREGANO, THYME, SAVORY, ROSEMARY, CUMIN, MUSTARD, CORIANDER), GARLIC, CARROT, ORANGE PEEL, TOMATO GRANULES, LEMON JUICE POWDER, OIL OF LEMON, CITRIC ACID. "
75374,1.99,Pasta by Shape & Type,,45.0,g,,,WHOLE DURUM WHEAT SEMOLINA.
79204,2.49,Other Deli,,170.0,g,,6 oz/170 g,"MILK, EGGS, SWISS CHEESE (CULTURED PART SKIM MILK, SALT, MICROBIAL RENNET), HALF AND HALF (MILK AND CREAM), MUSHROOMS, CORN STARCH, SPINACH, DEHYDRATED ONIONS, CHIVES, SLAT, SPICES, FILLING: MILK, EGGS, SWISS CHEESE (CULTURED PART SKIM MILK, SALT, MICROBIAL RENNET), HALF AND HALF (MILK AND CREAM), MUSHROOMS, CORN STARCH, SPINACH, DEHYDRATED ONIONS, CHIVES, SLAT, SPICES. PASTRY: ENRICHED WHEAT FLOUR (WHEAT FLOUR, NIACIN, REDUCED IRON, THIAMINE MONONITRATE, RIBOFLAVIN, FOLIC ACID), BUTTER (CREAM, SALT), SUNFLOWER OIL, WATER, SALT, SOY LECITHIN."
79969,5.99,"Popcorn, Peanuts, Seeds & Related Snacks",,30.0,g,,,"ALMONDS, SALT."
93187,2.29,"Oriental, Mexican & Ethnic Sauces",,125.0,g,,,"TOMATO PUREE (TOMATO PASTE, WATER), TOMATOES, LIGHT CREAM (MILK), ONIONS, GINGER, GARLIC, CANOLA OIL, LEMON JUICE CONCENTRATE, SEA SALT, CORIANDER, CUMIN, FENUGREEK LEAVES, TURMERIC, PAPRIKA, RED PEPPER, CINNAMON, CLOVES."
96362,0.99,Canned & Bottled Beans,,125.0,g,,,"BLACK BEANS, WATER, SALT. "
97079,2.99,Vegetable & Cooking Oils,,0.25,g,,,"100 % EXTRA VIRGIN OLIVE 0% SOY LECITHIN, AND PROPELLANT. (NO CHLOROFLUOROCARBONS)"
99080,3.79,Rice,,42.0,g,,,"SUPERFINO ARBORIO RICE, ONIONS***, MUSHROOM***, SALT, CORN STARCH, AUTOLYZED YEAST, SOY SAUCE* (SOYBEANS, WHEAT, SALT), DEXTROSE, CHABLIS WINE*, WHEY (MILK PROTEIN), SUGAR, CHICKEN FAT*, CHERVIL**, SOYBEAN OIL, PARSLEY**, NATURAL FLAVOR (NONHYDROLYZED FERMENTED YEAST), TURMERIC*, CELERY EXTRACT."
101424,7.99,"Frozen Breakfast Sandwiches, Biscuits & Meals",,170.0,g,1 quiche,,"INGREDIENTS: FILLING (HALF AND HALF [MILK, CREAM], CHEDDAR CHEESE [MILK, CHEESE CULTURE, SALT, ENZYMES, ANNATTO (COLOR)], BROCCOLI, LIQUID WHOLE EGGS, CORNSTARCH, DRIED ONIONS, SEASONING [SALT, SPICES], DRIED GARLIC), PASTRY (ENRICHED FLOUR [WHEAT FLOUR, NIACIN, REDUCED IRON, THIAMINE MONONITRATE, RIBOFLAVIN, FOLIC ACID], BUTTER [CREAM, SALT], SUNFLOWER OIL, WATER, SALT), SUNFLOWER OIL (SUNFLOWER OIL, SUNFLOWER LECITHIN)."
104876,1.99,Breads & Buns,,56.0,g,2 PITAS,,"WHOLE WHEAT FLOUR, UNBLEACHED ENRICHED WHEAT FLOUR (WHEAT FLOUR, VITAMIN C [ASCORBIC ACID AS A DOUGH CONDITIONER], ENZYME, NIACIN, REDUCED IRON, THIAMINE MONONITRATE, RIBOFLAVIN, FOLIC ACID), WATER, SAT, WHEAT GLUTEN, YEAST, WHITE DISTILLED VINEGAR."
124935,3.49,"Fruit & Vegetable Juice, Nectars & Fruit Drinks",,240.0,ml,8 OZA,,"SPARKLING APPLE JUICE (FROM RIPE, FRESH, WHOLE APPLES), ASCORBIC ACID (VITAMIN C)."
128001,5.99,Other Condiments,,15.0,ml,1 Tbsp,,"WINE VINEGAR, COOKED GRAPE MUST."
133036,2.99,Cereal,,30.0,g,0.667 CUP | ABOUT,,"WHEAT BRAN, CORN FLOUR, CORN BRAN, DEHYDRATED CANE JUICE CRYSTALS (NATURAL MILLED SUGAR), WHOLE WHEAT FLOUR, OAT BRAN, WHEY (MILK), SALT, CARAMEL COLOR, VITAMINS AND IRON: VITAMIN C, IRON, NIACIN, VITAMIN A, VITAMIN B6, RIBOFLAVIN (VITAMIN B2), THIAMIN (VITAMIN B1), FOLIC ACID, VITAMIN D, WHEAT BRAN, CORN FLOUR, CORN BRAN, DEHYDRATED CANE JUICE CRYSTALS (NATURAL MILLED SUGAR), WHOLE WHEAT FLOUR, OAT BRAN, WHEY (MILK), SALT, CARAMEL COLOR, VITAMINS AND IRON: VITAMIN C, IRON, NIACIN, VITAMIN A, VITAMIN B6, RIBOFLAVIN (VITAMIN B2), THIAMIN (VITAMIN B1), FOLIC ACID, VITAMIN D."
146739,1.69,Mexican Dinner Mixes,,48.0,g,1 TORTILLA,,"UNBLEACHED ENRICHED FLOUR (WHEAT FLOUR, NIACIN, REDUCED IRON, THIAMINE MONONITRATE, RIBOFLAVIN, FOLIC ACID, MALTED BARLEY FLOUR), WATER, HIGH OLEIC SUNFLOWER OIL, CONTAINS 2% OR LESS OF THE FOLLOWING: FOR ADDED FRESHNESS (CULTURED WHEAT FLOUR WITH VINEGAR ADDED), SALT, SOY LECITHIN (AN EMULSIFIER), LEAVENING (SODIUM ACID PYROPHOSPHATE, SODIUM BICARBONATE, CORNSTARCH, MONOCALCIUM PHOSPHATE), CITRIC ACID."
164399,3.79,"Cake, Cookie & Cupcake Mixes",,28.0,g,3 Tbsp,,"SUGAR, CHOCOLATE CHIPS (SUGAR, CHOCOLATE LIQUOR, COCOA BUTTER, SOY LECITHIN, (EMULSIFIER), VANILLA EXTRACT), UNBLEACHED ENRICHED FLOUR (WHEAT FLOUR, NIACIN, REDUCED IRON, THIAMIN MONONITRATE, RIBOFLAVIN, FOLIC ACID, MAY CONTAIN MALTED BARLEY FLOUR), COCOA (PROCESSED WITH ALKALI), WHEAT STARCH, SOYBEAN OIL, SALT, LEAVENING (SODIUM BICARBONATE, SODIUM ACID PYROPHOSPHATE, MONOCALCIUM PHOSPHATE)."
177054,2.99,Cereal,,50.0,g,0.5 cup,,"WHOLE ROLLED BARLEY FLAKES, WHOLE ROLLED RYE FLAKES, BLUEBERRIES (BLUEBERRIES, SUGAR, SUNFLOWER OIL), CRISP RICE (RICE, SUGAR, SALT, BARLEY MALT), RAISINS, ORGANIC CORN FLAKES (ORGANIC CORN FLOUR, SALT), CURRANTS, DRIED APPLES, NATURAL BLUEBERRY FLAVOR."
180245,2.99,Cereal,,52.0,g,1 cup,,"WHOLE WHEAT, SUGAR, GELATIN, VITAMIN E (TO PRESERVE FRESHNESS). VITAMINS & MINERALS: REDUCED IRON, NIACINAMIDE, ZINC (ZINC OXIDE), VITAMIN B6 (PYRIDOXINE HYDROCHLORIDE), VITAMIN B2 (RIBOFLAVIN), VITAMIN B1 (THIAMINE MONONITRATE), TRICALCIUM PHOSPHATE, FOLIC ACID, VITAMIN B12 (CYANOCOBALAMIN)."
180993,2.99,"Chips, Pretzels & Snacks",,28.0,g,50 STICKS | ABOUT,,"POTATO FLOUR, EXPELLER PRESSED SUNFLOWER AND/OR SAFFLOWER OIL, WHEAT FLOUR, RICE FLOUR, TOMATO POWDER, SPINACH POWDER, SEA SALT, TURMERIC."
187572,4.19,"Oriental, Mexican & Ethnic Sauces",,5.0,g,1 tsp,,"CONCENTRATED CRUSHED TOMATOES, GRATED HORSERADISH ROOT, SUGAR, DISTILLED VINEGAR, CAYENNE PEPPER, SPICES (WITH SOYBEAN OIL AS PROCESSING AID), ONION, SALT, GARLIC, XANTHAN GUM, GUAR GUM."
197151,2.99,"Ketchup, Mustard, BBQ & Cheese Sauce",,34.0,g,2 Tbsp,,"TOMATO PUREE (WATER, TOMATO PASTE). SUGAR, DISTILLED VINEGAR, CORNSTARCH, SALT, SPICE, MOLASSES, NATURAL FLAVOR, CARAMEL COLOR, ONION, GARLIC."
201186,2.99,Wholesome Snacks,,40.0,g,1.5 ONZ,,PITTED CALIFORNIA DRIED PLUMS.
212564,4.49,Cream,,15.0,ml,1 Tbsp,,"HEAVY CREAM, CARRAGEENAN (CONTAINS MILK). "
218887,3.99,"Ketchup, Mustard, BBQ & Cheese Sauce",,5.0,g,1 tsp,,"WATER, MUSTARD SEEDS, DISTILLED VINEGAR, WHITE WINE (CONTAINS SULFITES), SALT, CITRIC ACID."
244725,2.49,Other Cooking Sauces,,15.0,ml,1 Tbsp,,"CERTIFIED ORGANIC UNFILTERED APPLE CIDER VINEGAR, DILUTED WITH WATER TO 5% (50 GRAINS) ACIDITY."
246545,2.49,"Pickles, Olives, Peppers & Relishes",,15.0,g,2 Tbsp,,"CAPERS, WINE VINEGAR (CONTAINS SULFITES), WATER, SALT."
248983,3.49,Crackers & Biscotti,,15.0,g,4 CRACKERS,,"ENRICHED WHEAT FLOUR, (FLOUR, NIACIN, REDUCED IRON, THIAMIN MONONITRATE, RIBOFLAVIN, FOLIC ACID), SUNFLOWER OIL, SALT, SUGAR."
259255,3.99,"Cake, Cookie & Cupcake Mixes",,60.0,g,0.5 cup,,"ENRICHED UNBLEACHED FLOUR (WHEAT FLOUR, NIACIN, REDUCED IRON, THIAMIN MONONITRATE, RIBOFLAVIN, FOLIC ACID, MALTED BARLEY FLOUR, MAY CONTAIN ENZYMES, ASCORBIC ACID), SOYBEAN OIL, BUTTERMILK, DEXTROSE, CONTAINS 2% OR LESS OF THE FOLLOWING: SODIUM BICARBONATE, CALCIUM ACID PYROPHOSPHATE, MONOCALCIUM PHOSPHATE, SALT. "
264266,3.79,"Oriental, Mexican & Ethnic Sauces",,15.0,ml,1 Tbsp,,"WATER, SOYBEAN, WHEAT, SALT AND VINEGAR."
265058,3.99,Wholesome Snacks,,44.0,g,0.333 cup,,"MONTMORENCY TART CHERRIES,, SUGAR, SUNFLOWER OIL."
265102,3.99,Wholesome Snacks,,43.0,g,0.333 cup,,"DRIED CHERRIES (CHERRIES, SUCROSE, SUNFLOWER OIL), DRIED BLUEBERRIES (BLUEBERRIES, SUCROSE, SUNFLOWER OIL), DRIED STRAWBERRIES (STRAWBERRIES, SUGAR, ASCORBIC ACID (VITAMIN C), SUNFLOWER OIL)."
270427,3.99,"Granulated, Brown & Powdered Sugar",,4.0,g,1 tsp,,ORGANIC CANE SUGAR.
276771,2.79,Salad Dressing & Mayonnaise,,5.0,g,1 tsp,,"MUSTARD SEED, DISTILLED VINEGAR GARLIC, WATER, SOYBEAN OIL, MUSTARD FLOUR, EGGS, SPICES (ALLSPICE, TURMERIC), SALT, LEMON JUICE."
290906,2.49,Other Soups,,240.0,ml,1 cup,,"ORGANIC REDUCED FAT MILK, WATER, ORGANIC TOMATO PASTE, ORGANIC CANE SUGAR, SEA SALT, SODIUM CITRATE, ORGANIC RICE FLOUR, ORGANIC CHEESE FLAVOR (ORGANIC CHEDDAR CHEESE [PASTEURIZED MILK, CULTURES, SALT, ENZYMES], WATER, SALT, SODIUM CITRATE, XANTHAM GUM), ORGANIC GARLIC POWDER, ORGANIC ONION POWDER."
302159,3.49,Dips & Salsa,,30.0,g,2 Tbsp,,"PEACHES, TOMATO PUREE (TOMATO PASTE, WATER), TOMATOES, ONIONS, ASSORTED CHILES AND PEPPERS, EVAPORATED CANE JUICE (SUGAR), CHIPOTLE PEPPERS, APPLE CIDER VINEGAR, LEMON JUICE (FROM CONCENTRATE), SALT, SPICES."
313148,2.99,"Ketchup, Mustard, BBQ & Cheese Sauce",,36.0,g,2 Tbsp,,"TOMATO PUREE (WATER, TOMATO PASTE), SUGAR, MOLASSES, DISTILLED VINEGAR, BARBECUE SEASONING (SALT, ONION POWDER, NATURAL HICKORY SMOKE FLAVOR, GARLIC POWDER), CARAMEL COLOR."
316361,5.99,Other Cooking Sauces,,15.0,ml,1 Tbsp,,RED WINE VINEGAR
323673,2.99,Pasta by Shape & Type,,56.0,g,0.75 cup,,ORGANIC DURUM WHOLE WHEAT.
328098,2.99,"Cake, Cookie & Cupcake Mixes",,47.0,g,0.11 PACKAGE,,"ENRICHED UNBLEACHED FLOUR (WHEAT FLOUR, MALTED BARLEY FLOUR, NIACIN, REDUCED IRON, THIAMINE MONONITRATE, RIBOFLAVIN, FOLIC ACID), SUGAR, ENRICHED CORNMEAL (YELLOW DEGERMED GROUND CORN, NIACIN, FERROUS SULFATE, THIAMINE MONONITRATE, RIBOFLAVIN, FOLIC CID), BAKING POWDER (SODIUM ACID PYROPHOSPHATE BICARBONATE OF SODA, CORN STARCH, MONOCALCIUM PHOSPHATE), CORN, VANILLA POWDER, SALT"
328777,4.79,Wholesome Snacks,,40.0,g,0.25 cup,,APRICOTS SULFUR DIOXIDE ADDED FOR COLOR RETENTION.
328807,2.99,Wholesome Snacks,,40.0,g,5 PIECES,,APRICOTS.
334068,1.89,Other Soups,,13.4,g,0.5 PACKET,,"WHITE MISO (WATER , SOYBEANS, RICE, SALT, ASPERGILLUS ORYZAE), RED MISO (WATER, SOYBEANS, RICE SALT, ASPERGILLUS ORYZAE), DEXTROSE, CLAM EXTRACT, POWDER (SHELLFISH), BONITO POWDER, TANGLE (KONBU) EXTRACT POWDER, AUTOLYZED YEAST EXTRACT, DEHYDRATED SHIITAKE, DEHYDRATED TOFU (SOYBEAN PROTEIN, BRINE [WATER, SALT], WATER), DEHYDRATED CHIVES."
335485,3.99,"Chips, Pretzels & Snacks",,28.0,g,1 ONZ,,"UNBLEACHED ENRICHED WHEAT FLOUR (FLOUR, NIACIN, REDUCED IRON, THIAMINE MONONITRATE B1, RIBOFLAVIN-B2, FOLIC ACID), ORGANIC SOYBEAN OIL, OAT BRAN, SESAME SEED, YELLOW CORN MEAL, BARLEY MALT, RYE, SALT, YEAST."
344753,0.99,Water,,240.0,ml,8 OZA,,"NATURAL MINERAL WATER, CARBONATION ADDED."
345323,1.99,Water,,240.0,ml,8 OZA,,"NATURAL MINERAL WATER, NATURAL LEMON FLAVOR, CARBONATION ADDED."
345347,0.99,Water,,240.0,ml,8 OZA,,"NATURAL MINERAL WATER, NATURAL ORANGE FLAVOR, CARBONATION ADDED."
345453,1.99,Water,,240.0,ml,8 OZA,,"NATURAL MINERAL WATER, NATURAL MIXED BERRY FLAVOR, CARBONATED ADDED."
353786,1.99,Crackers & Biscotti,,30.0,g,0.5 cup,,"GLUTINOUS RICE, SOY SAUCE (SOY BEAN, WHEAT, SALT, WATER), SUGAR, MODIFIED STARCH (TAPIOCA, POTATO), SEAWEED, CHILI, PAPRIKA OLEORESIN (AS NATURAL COLOR)."
360845,3.29,"French Fries, Potatoes & Onion Rings",,75.0,g,2 PANCAKES,,"POTATOES, ONIONS, WATER, DEHYDRATED POTATOES, CANOLA OIL, MATZOH MEAL (WHEAT), EGG WHITES, EGG, SALT, WHITE PEPPER."
362870,1.99,Pasta by Shape & Type,,56.0,g,0.75 cup,,"ORGANIC DURUM WHEAT SEMOLINA, SPINACH, BEET, RED BELL PEPPER, PAPRIKA."
375313,1.99,Wholesome Snacks,,40.0,g,0.25 cup,,"ORGANIC CRANBERRIES, ORGANIC SUGAR, ORGANIC SUNFLOWER OIL."
381086,2.49,"Ketchup, Mustard, BBQ & Cheese Sauce",,30.0,g,2 Tbsp,,"WATER, EXPELLER PRESSED CANOLA OIL, SWEET PICKLE RELISH (CURED CUCUMBERS, CAULIFLOWER, SUGAR, DISTILLED VINEGAR, SALT, BELL PEPPERS, CELERY SEED, MUSTARD SEED, TURMERIC, XANTHAN GUM), EGG WHITES, CREOLE MUSTARD (DISTILLED VINEGAR, WATER, MUSTARD SEED, SALT, SPICES), JALAPENOS (RED JALAPENOS, SALT, ACETIC ACID), EGG YOLK, HORSERADISH (GRATED HORSERADISH ROOTS, DISTILLED VINEGAR, WATER, SALT, SOYBEAN OIL, MODIFIED CORN STARCH, CITRIC ACID, FLAVORING), CORN STARCH, LEMON JUICE CONCENTRATE, ONIONS, DISTILLED VINEGAR, SALT, GARLIC PUREE, DILL, XANTHAN GUM, SPICE, OLEORESIN PAPRIKA., WATER, EXPELLER PRESSED CANOLA OIL, SWEET PICKLE RELISH (CURED CUCUMBERS, CAULIFLOWER, SUGAR, DISTILLED VINEGAR, SALT, BELL PEPPERS, CELERY SEED, MUSTARD SEED, TURMERIC, XANTHAN GUM), EGG WHITES, CREOLE MUSTARD (DISTILLED VINEGAR, WATER, MUSTARD SEED, SALT, SPICES), JALAPENOS (RED JALAPENOS, SALT, ACETIC ACID), EGG YOLK, HORSERADISH (GRATED HORSERADISH ROOTS, DISTILLED VINEGAR, WATER, SALT, SOYBEAN OIL, MODIFIED CORN STARCH, CITRIC ACID, FLAVORING), CORN STARCH, LEMON JUICE CONCENTRATE, ONIONS, DISTILLED VINEGAR, SALT, GARLIC PUREE, DILL, XANTHAN GUM, SPICE, OLEORESIN PAPRIKA."
395465,2.99,"Fruit & Vegetable Juice, Nectars & Fruit Drinks",,240.0,ml,8 OZA,,"FILTERED WATER (SUFFICIENT TO RECONSTITUTE), BLUEBERRY JUICE CONCENTRATE, FILTERED WATER (SUFFICIENT TO RECONSTITUTE), BLUEBERRY JUICE CONCENTRATE. "
396851,3.99,Other Cooking Sauces,,15.0,g,1 Tbsp,,"SOY SAUCE (WATER, WHEAT, SOYBEANS, SALT), PINEAPPLE JUICE FROM CONCENTRATE, SUGAR, GARLIC PUREE (GARLIC, WATER, CITRIC ACID), ORGANIC SOYBEAN OIL, WHITE VINEGAR, SESAME SEEDS, GINGER PUREE, ONION, SESAME OIL, GARLIC, ONION POWDER, GINGER POWDER."
414340,2.69,Yogurt,,170.0,g,1 CONTAINER,,"CULTURED PASTEURIZED ORGANIC LOW FAT MILK, NATURALLY MILLED ORGANIC SUGAR, ORGANIC STRAWBERRIES, PECTIN, ORGANIC BEET JUICE CONCENTRATE (FOR COLOR), NATURAL FLAVOR, VITAMIN D3. CONTAINS LIVE ACTIVE CULTURES: S. THERMOPHILUS, L. BULGARICUS, L. ACIDOPHILUS, BIFIDUS, AND L. CASEI."
417181,2.99,Cheese,,61.0,g,"1 PACKET, MAKES ABOUT 3/4 CUP",,"ORGANIC WHEAT MACARONI, CHEDDAR CHEESE (CULTURED PASTEURIZED MILK, SALT, MICROBIAL ENZYMES), WHEY, BUTTERMILK, CREAM, SALT, CORN STARCH, SODIUM PHOSPHATE."
417471,4.99,"Fruit & Vegetable Juice, Nectars & Fruit Drinks",,240.0,ml,8 OZA,,"JUICE FROM RIPE, WHOLE RED TART CHERRIES."
420495,2.99,Crackers & Biscotti,,15.0,g,14 CRACKERS | ABOUT,,"UNBLEACHED WHEAT FLOUR, WATER, CANOLA OIL, ALL NATURAL EVAPORATED CANE JUICE (NATURALLY MILLED CANE SUGAR), SALT, YEAST, BAKING SODA."
429597,3.79,Yogurt,,170.0,g,6 ONZ,,"ORGANIC CULTURED PASTEURIZED REDUCED FAT MILK, ORGANIC BLUEBERRY FRUIT BASE (ORGANIC BLUEBERRIES, ORGANIC CANE SUGAR, NATURAL FLAVOR, ORGANIC LOCUST BEAN GUM, PECTIN), LIVE ACTIVE CULTURES: L. ACIDOPHILUS, BIFIDUS, L. BULGARICUS, S. THERMOPHILUS, L. RHAMNOSUS. CULTURED AFTER PASTEURIZATION."
433556,3.99,Breads & Buns,,7.0,g,2 -3 CALORIES,,"SOURDOUGH BREAD (ENRICHED FLOUR [WHEAT FLOUR, MALTED BARLEY FLOUR, NIACIN, REDUCED IRON, THIAMINE MONONITRATE, RIBOFLAVIN, FOLIC ACID], WATER, SALT, YEAST), BUTTER, PARMESAN CHEESE (PARTIALLY SKIMMED COW'S MILK, CHEESE CULTURE, SALT, ENZYMES), GARLIC."
434652,3.99,Canned Meat,,71.0,g,0.33 cup,,"CHICKEN BREAST MEAT, WATER, SALT."
438711,4.49,Cookies & Biscuits,,30.0,g,1 ONZ,,"WHOLE WHEAT FLOUR, UNBLEACHED ENRICHED FLOUR (WHEAT FLOUR, NIACIN, REDUCED IRON, THIAMINE MONONITRATE, RIBOFLAVIN, FOLIC ACID), CANE SUGAR, EXPELLER PRESSED CANOLA OIL, HONEY, SOY LECITHIN, NATURAL FLAVOR, BAKING SODA, SALT, TOPPING (CANE SUGAR, CINNAMON)."
446389,3.49,Flavored Snack Crackers,,30.0,g,37 CRACKERS,,"RICE FLOUR, SESAME SEEDS, SESAME FLOUR, SAFFLOWER OIL, TAMARI SOY SAUCE POWDER (TAMARI SOY SAUCE [SOYBEANS, SALT], MALTODEXTRIN [CORN]), SALT, GARLIC POWDER."
448642,1.19,Canned & Bottled Beans,,122.0,g,0.5 cup,,"PREPARED BLACK BEANS, WATER, GREEN BELL PEPPERS, ONION GARLIC PUREE (GARLIC, WATER, CITRIC ACID), SEA SALT, SPICES, RED WINE VINEGAR. "
456913,3.69,Wholesome Snacks,,40.0,g,,,"SEEDLESS GOLDEN LIGHT RAISINS, FLAME RAISINS AND JUMBO RAISINS, SULFUR DIOXIDE, SEEDLESS GOLDEN LIGHT RAISINS, FLAME RAISINS AND JUMBO RAISINS, SULFUR DIOXIDE."
467698,2.29,Iced & Bottle Tea,,240.0,ml,8 OZA,,"PURE GREEN TEA BREWED FROM WATER AND GREEN TEA LEAVES, VITAMIN C ASCORBATE, MALIC ACID."
475594,2.99,Vegetable & Cooking Oils,,0.25,g,0.333 SEC. SPRAY | ABOUT,,"100% EXPELLER PRESSED CANOLA OIL, SOY LECITHIN, WATER AND PROPELLANT. (NO CHLOROFLUORCARBONS)"
479363,2.69,Chili & Stew,,247.0,g,1 cup,,"WATER, DARK TURKEY MEAT, BEANS (RED AND/OR PINK BEANS), DEHYDRATED ONIONS, CONCENTRATED CRUSHED TOMATOES, GREEN CHILES (CONTAINS CITRIC ACID), DEHYDRATED BELL PEPPERS, UNBLEACHED ENRICHED FLOUR (WHEAT FLOUR, NIACIN, REDUCED IRON, THIAMINE MONONITRATE, RIBOFLAVIN, FOLIC ACID), JALAPENO PEPPERS (CONTAINS SALT, ACETIC ACID, DISTILLED VINEGAR), MODIFIED CORNSTARCH, SALT, SPICES, NATURAL FLAVORS, SUGAR, AUTOLYZED YEAST EXTRACT, OLEORESIN OF PAPRIKA."
480857,2.49,Canned & Bottled Beans,,142.0,g,5 ONZ,,"WATER, TOMATOES, LENTILS, RED KIDNEY BEANS, ONION, CREAM (MILK), SALT, BUTTER, SUNFLOWER OIL, GINGER, RED CHILIES, CUMIN."
501019,2.99,"Snack, Energy & Granola Bars",,37.0,g,1 BAR,,"PUMPKIN FILLING (BROWN RICE SYRUP, ORGANIC DRIED CANE SYRUP, APPLE POWDER, PUMPKIN, GLYCERIN, MODIFIED FOOD STARCH, PECTIN, NATURAL FLAVOR, WATER, CITRIC ACID, CINNAMON, NUTMEG, ANNATTO EXTRACT FOR COLOR, GINGER, ALLSPICE), WHEAT FLAVOR, EVAPORATED CANE SYRUP, INVERT CANE SYRUP, EXPELLER PRESSED CANOLA OIL, OAT FLOUR, WHEAT BRAN, NATURAL FLAVORS (BUTTER, VANILLA, CITRUS), WHEAT GLUTEN, HONEY, CINNAMON, ORGANIC NONFAT DRY MILK, BAKING SODA, CREAM OF TARTAR, MALTODEXTRIN (FROM CORN), SOY LECITHIN (EMULSIFIER), SEA SALT, CARRAGEENAN, CLOVES, SOYBEAN OIL, ANNATTO AND TURMERIC (FOR COLOR). NUTRITION BLEND: NIACIN, VITAMIN B6 (PYRIDOXINE HYDROCHLORIDE), RIBOFLAVIN, VITAMIN B1 (THIAMIN HYDROCHLORIDE), FOLIC ACID, SODIUM SELENATE, VITAMIN B12 (CYANOCOBALAMINE)."
501194,2.49,Canned Soup,,245.0,g,1 cup,,"WATER, LENTILS, CARROTS, POTATOES, LEEKS, ONIONS, SPINACH, MODIFIED CORN STARCH, WHEAT FLOUR, AUTOLYZED YEAST EXTRACT, SALT, OLIVE OIL, TOMATO PASTE, SPIRIT VINEGAR, THICKENER (GUAR GUM), SUGAR, ASCORBIC ACID (VITAMIN C), SPICES, GARLIC."
501743,3.99,"Fruit & Vegetable Juice, Nectars & Fruit Drinks",,240.0,ml,8 OZA,,"CARBONATED WATER, WHITE CHARDONNAY GRAPE JUICE (FROM CONCENTRATE), CITRIC ACID."
502351,4.99,"Fruit & Vegetable Juice, Nectars & Fruit Drinks",,240.0,ml,8 OZA,,"FILTERED WATER (SUFFICIENT TO RECONSTITUTE), CHERRY JUICE CONCENTRATE."
502368,2.49,Cookies & Biscuits,,32.0,g,1.1 ONZ,,"UNBLEACHED WHEAT FLOUR, SUGAR, VEGETABLE OILS (PALM AND RAPESEED), SUGAR CANDY SYRUP, LEAVENING (SODIUM BICARBONATE, AMMONIUM BICARBONATE), SALT, CINNAMON, SUNFLOWER LECITHIN."
502375,1.79,"Ketchup, Mustard, BBQ & Cheese Sauce",,5.0,g,1 tsp,,"ORGANIC GRAIN VINEGAR, WATER, ORGANIC MUSTARD SEED, SALT, ORGANIC SUGAR, ORGANIC TURMERIC, ORGANIC PAPRIKA, ORGANIC SPICES."
502610,1.19,Canned & Bottled Beans,,130.0,g,0.5 cup,,"ORGANIC GARBANZO BEANS, WATER, SEA SALT. "
502627,0.89,Canned & Bottled Beans,,130.0,g,0.5 cup,,"ORGANIC BLACK BEANS, WATER, SEA SALT."
502641,1.19,Canned & Bottled Beans,,130.0,g,0.5 cup,,"ORGANIC KIDNEY BEANS, WATER, SEA SALT."
505000,4.99,Vegetable & Cooking Oils,,0.25,g,0.333 SECOND SPRAY,,"MECHANICALLY-PRESSED, REFINED ORGANIC COCONUT OIL, SOY LECITHIN, NATURAL FLAVORS, PROPELLANT (NO CHLOROFLUOROCARBONS)."
507295,4.49,Nut & Seed Butters,,32.0,g,2 Tbsp,,ORGANIC PEANUTS.
507318,2.49,Nut & Seed Butters,,32.0,g,2 Tbsp,,ORGANIC PEANUTS.
507516,4.49,"Ketchup, Mustard, BBQ & Cheese Sauce",,17.0,g,1 Tbsp,,"TOMATO PUREE (WATER, TOMATO PASTE), ONION PUREE, SUGAR, MOLASSES, WHITE VINEGAR, HORSERADISH (HORSERADISH, VINEGAR, WATER, SALT , SOYBEAN OIL), SALT, SOYBEAN OIL, ORANGE JUICE CONCENTRATE, LEMON JUICE CONCENTRATE, ANCHOVY PASTE (SALTED ANCHOVIES, OLIVE OIL, ACETIC ACID), ROASTED GARLIC PUREE (GARLIC, WATER, NATURAL FLAVOR, CITRIC ACID), JALAPENO PUREE (JALAPENO PEPPERS, VINEGAR, SALT), SOY SAUCE (WATER, WHEAT, SOYBEANS, SALT), NATURAL GRILL FLAVOR, NATURAL MALT FLAVOR, ANCHO CHILI POWDER, NATURAL HICKORY SMOKE FLAVOR, GROUND MUSTARD SEED, BLACK PEPPER, CARAMEL COLOR, CLOVES, XANTHAN GUM."
507653,0.99,Vegetable and Lentil Mixes,,50.0,g,0.25 cup,,GREEN LENTILS
507844,3.49,Dips & Salsa,,32.0,g,2 Tbsp,,"CORN, BLACK BEANS, RED BELL PEPPERS, ONIONS, JALAPENO PEPPERS, CANE SUGAR, LIME JUICE CONCENTRATE, CHIPOTLES IN ADOBO (CHIPOTLE PEPPER, WATER, TOMATO PUREE, VINEGAR, SALT, SUGAR, ONION, GARLIC, PAPRIKA), SPICES, SEA SALT, CHIPOTLE PEPPER, GUAR GUM."
508285,3.99,"Oriental, Mexican & Ethnic Sauces",,4.0,g,1 tsp,,"GROUND RED CHILI PEPPERS, WATER, SUGAR, GROUND GARLIC, SALT, CONTAINS 2% OR LESS OF GARLIC POWDER, CULTURED DEXTROSE (FOR FRESHNESS), CITRIC ACID"
508469,3.99,Breads & Buns,,57.0,g,2 ONZ,,"STONE GROUND WHOLE WHEAT FLOUR, WATER, HONEY, WHEAT GLUTEN, DOUGH CONDITIONER (VEGETABLE GUMS, WHEAT FLOUR, ENZYMES), CANOLA OIL, SALT, YEAST, VINEGAR, ASCORBIC ACID (VITAMIN C AS DOUGH CONDITIONER). "
508575,1.99,Plant Based Milk,,240.0,ml,1 cup,,"ALMOND BASE (FILTERED WATER, ALMONDS), TRICALCIUM PHOSPHATE, SEA SALT, GELLAN GUM, DIPOTASSIUM PHOSPHATE, XANTHAN GUM, SUNFLOWER LECITHIN, VITAMIN A PALMITATE, VITAMIN D2, D-ALPHA TOCOPHEROL (VITAMIN E). "
509435,3.99,"Cake, Cookie & Cupcake Mixes",,38.0,g,1 BAKED SCONE (52G) | DRY MIX;,,"UNBLEACHED ENRICHED FLOURS (WHEAT FLOUR, MALTED BARLEY FLOUR, NIACIN, IRON, THIAMIN MONONITRATE, RIBOFLAVIN, FOLIC ACID), SUGAR, PALM OIL, BUTTERMILK POWDER, CANOLA OIL (ASCORBIC ACID AND ROSEMARY ADDED TO PRESERVE FRESHNESS), BLUEBERRIES (WILD BLUEBERRIES, SUGAR, CANOLA OIL, NATURAL FLAVOR, MALIC ACID), BAKING POWDER (SODIUM ACID PYROPHOSPHATE, SODIUM BICARBONATE, CORN STRACH, MONOCALCIUM PHOSPHATE), FREEZE DRIED RASPBERRIES, FREEZE DRIED BLACKBERRIES, NATURAL BERRY FLAVORED PIECES [SUGAR, VEGETABLE OIL (PALM, PALM KERNEL), UNBLEACHED WHEAT FLOUR, BLUEBERRY AND CARROT JUICE (FOR COLOR), NATURAL FLAVOR, SOY LECITHIN, MALIC ACID], SALT, BAKING SODA, NATURAL FLAVOR, UNBLEACHED ENRICHED FLOURS (WHEAT FLOUR, MALTED BARLEY FLOUR, NIACIN, IRON, THIAMIN MONONITRATE, RIBOFLAVIN, FOLIC ACID), SUGAR, PALM OIL, BUTTERMILK POWDER, CANOLA OIL (ASCORBIC ACID AND ROSEMARY ADDED TO PRESERVE FRESHNESS), BLUEBERRIES (WILD BLUEBERRIES, SUGAR, CANOLA OIL, NATURAL FLAVOR, MALIC ACID), BAKING POWDER (SODIUM ACID PYROPHOSPHATE, SODIUM BICARBONATE, CORN STRACH, MONOCALCIUM PHOSPHATE), FREEZE DRIED RASPBERRIES, FREEZE DRIED BLACKBERRIES, NATURAL BERRY FLAVORED PIECES [SUGAR, VEGETABLE OIL (PALM, PALM KERNEL), UNBLEACHED WHEAT FLOUR, BLUEBERRY AND CARROT JUICE (FOR COLOR), NATURAL FLAVOR, SOY LECITHIN, MALIC ACID], SALT, BAKING SODA, NATURAL FLAVOR."
510110,2.49,Other Soups,,240.0,g,1 cup,,"WATER, MISO BROTH (MISO [WATER, SOYBEANS, RICE, SEA SALT, KOJI STARTER], SOY SAUCE [WATER, SOYBEANS, SALT, ALCOHOL], GINGER, VEGETABLE PUREE [CARROT, CELERY, ONION], SHIITAKE POWDER, YEAST EXTRACT), GINGER JUICE, SALT."
511667,3.99,Wholesome Snacks,,40.0,g,0.25 cup,,"WILD BLUEBERRIES, SUGAR, SUNFLOWER OIL."
512664,3.99,Wholesome Snacks,,40.0,g,1.4 ONZ,,PITTED DRIED BING CHERRIES.
512718,8.99,Other Cooking Sauces,,15.0,ml,1 Tbsp,,"CHAMPAGNE VINEGAR, ORANGE JUICE CONCENTRATE, SUGAR, WATER, MUSCAT GRAPE JUICE CONCENTRATE."
513999,0.99,Yogurt,,170.0,g,6 ONZ,,"ORGANIC CULTURED PASTEURIZED REDUCED FAT MILK, ORGANIC STRAWBERRY FRUIT BASE (ORGANIC STRAWBERRIES, ORGANIC CANE SUGAR, ORGANIC LOCUST BEAN GUM, PECTIN, NATURAL FLAVOR, CARROT AND CURRANT JUICE CONCENTRATE [FOR COLOR]), LIVE ACTIVE CULTURES: L. ACIDOPHILUS, BIFIDUS, L. BULGARICUS, S. THERMOPHILUS, L. RHAMNOSUS. CULTURED AFTER PASTEURIZATION."
514354,5.99,Nut & Seed Butters,,32.0,g,2 Tbsp,,"DRY ROASTED ALMONDS, LESS THAN 1% DRY ROASTED CASHEWS."
514378,5.99,Nut & Seed Butters,,32.0,g,2 Tbsp,,"DRY ROASTED ALMONDS, LESS THAN 1% DRY ROASTED CASHEWS."
514385,2.99,"Ketchup, Mustard, BBQ & Cheese Sauce",,35.0,g,2 Tbsp,,"CANE SUGAR, YELLOW MUSTARD (DISTILLED VINEGAR, WATER, MUSTARD SEED), DISTILLED VINEGAR, TOMATO PUREE (WATER, TOMATO PASTE), SEA SALT, CORN STARCH, WORCESTERSHIRE SAUCE (DISTILLED VINEGAR, MOLASSES, SEA SALT, SUGAR, SPICES, TAMARIND), MOLASSES, SPICES, GARLIC, ONION, NATURAL SMOKE FLAVOR, XANTHAN GUM."
515337,2.79,Cheese,,30.0,g,2 Tbsp,,"PASTEURIZED CULTURED CREAM, PREPARED PUMPKIN, PASTEURIZED CULTURED SKIM MILK, BROWN SUGAR, SUGAR, CINNAMON, SALT, AND STABILIZERS (XANTHAN, LOCUST BEAN, AND GUAR GUM)."
516150,4.29,"Seasoning Mixes, Salts, Marinades & Tenderizers",,2.0,g,0.5 tsp,,"DRIED ONION, TOASTED ONION, SUGAR, SALT, GARLIC, BLACK PEPPER, SAFFLOWER OIL (TO PREVENT SEPARATION), CITRIC ACID."
517539,2.99,Wholesome Snacks,,40.0,g,1.4 ONZ,,ORGANIC DRIED MANGO.
518734,3.49,Ice Cream & Frozen Yogurt,,99.0,g,1/2 cup,,"SKIM MILK, CREAM, GLUCOSE SYRUP (CORN), CANE SUGAR, SWEETENED CONDENSED MILK (CONDENSED MILK, CANE SUGAR), EGG YOLKS, CARAMELIZED SUGAR (CANE SUGAR, WATER), PECTIN, SEA SALT, SOY LECITHIN, NATURAL CARAMEL FLAVOR, BAKING SODA, VANILLA EXTRACT."
520294,2.99,Vegetable & Cooking Oils,,15.0,ml,1 Tbsp,,CANOLA OIL.
521567,3.99,"Cake, Cookie & Cupcake Mixes",,45.0,g,0.1 BAKED SCONE (60G) | DRY MIX,,"UNBLEACHED ENRICHED FLOURS (WHEAT FLOUR, MALTED BARLEY FLOUR, NIACIN, IRON, THIAMIN MONONITRATE, RIBOFLAVIN, FOLIC ACID), SUGAR, SEMI-SWEET CHOCOLATE CHIPS (SUGAR, CHOCOLATE LIQUOR, COCOA BUTTER, SOY LECITHIN, VANILLA EXTRACT), CANOLA OIL (CANOLA OIL, ASCORBIC ACID [VITAMIN C] AND ROSEMARY EXTRACT ADDED TO PRESERVE FRESHNESS), PALM OIL, BUTTERMILK POWDER (MILK), BAKING POWDER (SODIUM ACID PYROPHOSPHATE, SODIUM BICARBONATE, CORN STARCH, MONOCALCIUM PHOSPHATE), NATURAL VANILLA POWDER, SALT, BAKING SODA."
522762,3.49,Dips & Salsa,,16.0,g,1 Tbsp,,"SUNFLOWER OIL, CHERRY PEPPERS, SHALLOTS, SWEET SOY SAUCE (COCONUT SUGAR, BLACK SOYBEANS, SALT, WATER), GARLIC, LEMONGRASS, SALT, CITRIC ACID."
523479,4.99,"Seasoning Mixes, Salts, Marinades & Tenderizers",,0.6,g,0.25 tsp,,SEA SALT FLAKES.
524094,3.99,Breads & Buns,,85.0,g,3 ONZ,,"UNBLEACHED ENRICHED FLOUR (WHEAT FLOUR, MALTED BARLEY FLOUR, NIACIN, REDUCED IRON, THIAMINE MONONITRATE, RIBOFLAVIN, FOLIC ACID), WATER, SPROUTED WHEAT BERRIES, RAISINS, WHEAT BRAN, HONEY, CONTAINS 2% OR LESS OF EACH OF THE FOLLOWING: WHEAT GLUTEN, SALT, CULTURED DEXTROSE (FOR ADDED FRESHNESS), WHEAT FLOUR, MONOCALCIUM PHOSPHATE, WHEAT STARCH, YEAST, ASCORBIC ACID, CINNAMON, DISTILLED VINEGAR, ENZYMES (MICROBIAL), VEGETABLE MONOGLYCERIDES."
525121,2.29,Powdered Drinks,,28.0,g,3 Tbsp,,"CANE SUGAR, COCONUT OIL, MALTODEXTRIN, MATCHA GREEN TEA, WHOLE MILK POWDER, NON FAT MILK POWDER, MALTED MILK POWDER (BARLEY MALT, WHEAT FLOUR, MILK, BICARBONATE OF SODA, SALT), NATURAL FLAVORS, SODIUM CASEINATE (A MILK DERIVATIVE), TRICALCIUM PHOSPHATE, GUAR GUM, MONO AND DIGLYCERIDES, SILICON DIOXIDE, SALT."
525152,2.99,Wholesome Snacks,,34.0,g,1.2 ONZ,,"FUJI APPLE, FREEZE DRIED FUJI APPLES WITH PEEL, ASCORBIC ACID (VITAMIN C FOR FRESHNESS), CITRIC ACID."
525442,2.29,Plant Based Water,,240.0,ml,8 OZA,,ORGANIC COCONUT WATER.
526197,4.99,"Pickles, Olives, Peppers & Relishes",,89.0,g,0.33 cup,,"BEETS, WATER, RED WINE VINEGAR, SUGAR, SPICES, EXTRA VIRGIN OLIVE OIL, SEA SALT, BEETS, WATER, RED WINE VINEGAR, SUGAR, SPICES, EXTRA VIRGIN OLIVE OIL, SEA SALT."
531382,2.99,Plant Based Water,,240.0,ml,8 OZA,,"COCONUT WATER (FROM CONCENTRATE), ALOE VERA JUICE (ALOE VERA INNER LEAF POWDER, ALOE VERA JUICE WITH PULP)."
531702,3.99,"Cake, Cookie & Cupcake Mixes",,57.0,g,7 Tbsp,,"UNBLEACHED ENRICHED FLOUR (WHEAT FLOUR, MALTED BARLEY FLOUR, NIACIN, IRON, THIAMIN MONONITRATE, RIBOFLAVIN, FOLIC ACID), SUGAR, WHEY POWDER (MILK), TOASTED COCONUT (DESICCATED COCONUT, SUGAR, DEXTROSE, SALT), ORGANIC CORN FLOUR, EXPELLER PRESSED CANOLA OIL (ASCORBIC ACID AND ROSEMARY ADDED TO PRESERVE FRESHNESS), LEAVENING (SODIUM ACID PYROPHOSPHATE, BAKING SODA), NON FAT DRY MILK, SEA SALT, EGG YOLK POWDER, BUTTERMILK POWDER (MILK), NATURAL VANILLA POWDER, NATURAL FLAVOR, AND EGG WHITE POWDER."
531863,1.19,Canned & Bottled Beans,,130.0,g,0.5 cup,,"PREPARED WHITE KIDNEY BEANS, WATER, SALT AND CALCIUM CHLORIDE TO MAINTAIN FIRMNESS."
531870,4.49,"Fruit & Vegetable Juice, Nectars & Fruit Drinks",,240.0,ml,8 OZA,,"ORGANIC POMEGRANATE JUICE, ORGANIC TART CHERRY JUICE, ORGANIC BLACK MULBERRY JUICE, ORGANIC RED GRAPE JUICE, ORGANIC PURPLE CARROT JUICE, ORGANIC CRANBERRY JUICE, ORGANIC BLUEBERRY JUICE."
532143,1.99,Plant Based Milk,,240.0,ml,1 cup,,"ALMOND BASE (FILTERED WATER, ALMONDS), TRICALCIUM PHOSPHATE, SEA SALT, GELLAN GUM, DIPOTASSIUM PHOSPHATE, XANTHAN GUM, SUNFLOWER LECITHIN, VITAMIN A PALMITATE, ERGOCALCIFEROL (VITAMIN D2), D-ALPHA TOCOPHEROL (VITAMIN E)."
532150,1.99,Plant Based Water,,240.0,ml,1 cup,,"ALMOND BASE (FILTERED WATER, ALMONDS), TRICALCIUM PHOSPHATE, NATURAL VANILLA FLAVOR WITH OTHER NATURAL FLAVORS, SEA SALT, GELLAN GUM, DIPOTASSIUM PHOSPHATE, XANTHAN GUM, SUNFLOWER LECITHIN, VITAMIN A PALMITATE, ERGOCALCIFEROL (VITAMIN D2), D-ALPHA TOCOPHEROL (VITAMIN E)."
532617,4.99,Wholesome Snacks,,60.0,g,2.11 ONZ,,"COCONUT, PINEAPPLE, MANGO, JACKFRUIT, RICE BRAN OIL, SUGAR, SALT."
534062,4.49,Cookies & Biscuits,,28.0,g,2 COOKIES,,"ENRICHED FLOUR (WHEAT FLOUR, MALTED BARLEY FLOUR, NIACIN, REDUCED IRON, THIAMINE MONONITRATE, RIBOFLAVIN, FOLIC ACID), BUTTER (CREAM [MILK]), BROWN SUGAR, PUMPKIN PUREE, PALM SHORTENING, GLAZE ICING (POWDERED SUGAR, WATER), SUGAR, INVERT SUGAR, GLYCERINE, MOLASSES, CINNAMON, NUTMEG, SALT, CLOVE, BAKING POWDER."
536493,2.69,Yogurt,,150.0,g,5.3 ONZ,,"GRADE A PASTEURIZED SKIM MILK, COCONUT CREAM BASE (CANE SUGAR, MODIFIED CORNSTARCH, DRIED SHREDDED COCONUT, NATURAL COCONUT CREAM FLAVOR WITH OTHER NATURAL FLAVORS, CITRIC ACID), LIVE AND ACTIVE CULTURES: S. THERMOPHILUS, L. BULGARICUS, L. ACIDOPHILUS, BIFIDUS, L. CASEI. CULTURED AFTER PASTEURIZATION."
536769,2.99,"Chips, Pretzels & Snacks",,25.0,g,1 ONZ,,"KALE, CASHEWS, TAHINI (GROUND SESAME SEEDS), CARROT POWDER, ONION POWDER, CANE SUGAR, LEMON JUICE CONCENTRATE, MUSTARD POWDER, SALT GARLIC POWDER."
537285,1.5,"Chips, Pretzels & Snacks",,28.0,g,1 ONZ,,"WHOLE BLACK BEANS, SUNFLOWER OIL, RICE, SALT, CALCIUM CARBONATE, VITAMIN C (ASCORBYL FOR FRESHNESS), WHOLE BLACK BEANS, SUNFLOWER OIL, RICE, SALT, CALCIUM CARBONATE, VITAMIN C (ASCORBYL FOR FRESHNESS)."
537698,6.49,Other Grains & Seeds,,30.0,g,3 Tbsp,,RAW SHELLED HEMP SEED.
537995,3.49,"Ketchup, Mustard, BBQ & Cheese Sauce",,34.0,g,2 Tbsp,,"ORGANIC TOMATO PUREE (WATER, ORGANIC TOMATO PASTE), ORGANIC SUGAR, ORGANIC JALAPENO PUREE (ORGANIC RED JALAPENO PEPPERS, SEA SALT, ORGANIC DISTILLED VINEGAR, CALCIUM CHLORIDE), ORGANIC DISTILLED VINEGAR, ORGANIC MOLASSES, NATURAL HICKORY SMOKE FLAVOR, ORGANIC ROASTED GARLIC, ORGANIC CORNSTARCH, ORGANIC WORCESTERSHIRE SAUCE (ORGANIC DISTILLED VINEGAR, ORGANIC MOLASSES, WATER, ORGANIC SUGAR, SEA SALT, ORGANIC CARAMEL COLOR, ORGANIC GARLIC POWDER, ORGANIC SPICES [ORGANIC ALLSPICE, ORGANIC NUTMEG,ORGANIC CLOVE, ORGANIC GINGER], ORGANIC CAYENNE PEPPERS, ORGANIC BLACK PEPPER, XANTHAN GUM), ORGANIC GARLIC PUREE (ORGANIC GARLIC, WATER), ORGANIC GARLIC POWDER, SALT, ORGANIC ONION POWDER, ORGANIC CARAMEL COLOR, ORGANIC GARLIC, ORGANIC HABANERO PEPPER POWDER, XANTHAN GUM."
540483,5.99,"Popcorn, Peanuts, Seeds & Related Snacks",,30.0,g,0.25 cup,,"MARCONA ALMONDS, SUNFLOWER OIL, BLACK TRUFFLE SEA SALT (SEA SALT, DRIED TRUFFLE, TRUFFLE FLAVOR), MARCONA ALMONDS, SUNFLOWER OIL, BLACK TRUFFLE SEA SALT (SEA SALT, DRIED TRUFFLE, TRUFFLE FLAVOR)."
542050,3.99,Soda,,355.0,ml,1 BOTTLE,,"WATER, SUGAR, GINGER JUICE, LIME JUICE CONCENTRATE, LEMON JUICE CONCENTRATE, NATURAL GINGER ALE FLAVOR, NATURAL FLAVORS, GINGER EXTRACT."
542326,2.99,Yogurt,,227.0,g,8 ONZ,,"ORGANIC GRADE A NON-HOMOGENIZED PASTEURIZED MILK, LIVE AND ACTIVE CULTURES: S. THERMOPHILUS, L. BULGARICUS, L. ACIDOPHILUS, BIFIDUS AND L. CASEI. CULTURED AFTER PASTEURIZATION."
544191,3.99,Other Grains & Seeds,,30.0,g,2 Tbsp,,"SPROUTED BUCKWHEAT GROATS, SPROUTED MILLET, CHIA SEED, GOLDEN FLAX SEED, ORGANIC RED QUINOA, SHELLED HEMP SEED, ORGANIC AMARANTH."
544528,1.99,Chili & Stew,,30.0,g,2 Tbsp,,"GREEN CHILE PEPPERS, WATER, CONTAINS LESS THAN 2% OF CALCIUM CHLORIDE, CITRIC ACID (ACIDITY REGULATOR), SALT."
545198,4.49,Canned Meat,,15.0,g,1 Tbsp,,"COOKED APPLEWOOD SMOKED UNCURED BACON NO NITRATES OR NITRITES ADDED EXCEPT FOR THOSE NATURALLY OCCURRING IN CELERY POWDER (PORK BELLIES, WATER, SODIUM LACTATE, SALT, TURBINADO SUGAR, SPICE EXTRACTIVES [CINNAMON, CLOVE, CAPSICUM], CELERY POWDER), ONIONS, DARK BROWN SUGAR, APPLE CIDER VINEGAR, CANE SUGAR, GARLIC POWDER, PECTIN, CITRIC ACID (FOR FRESHNESS), VEGETARIAN FLAVOR (NATURAL FLAVOR [CONTAINS AUTOLYZED YEAST EXTRACT], SALT, NATURAL SMOKE FLAVOR), ORGANIC CARAMEL COLOR."
545488,3.99,"Cake, Cookie & Cupcake Mixes",,43.0,g,0.33 cup,,"WHITE SORGHUM FLOUR, POTATO STARCH, CANE SUGAR, TAPIOCA FLOUR, BUTTERMILK POWDER (MILK), BAKING POWDER (SODIUM ACID PYROPHOSPHATE, BAKING SODA, MONOCALCIUM PHOSPHATE), EXPELLER PRESSED CANOLA OIL, SEA SALT, ORGANIC VANILLA FLAVOR, NATURAL FLAVORS, XANTHAN GUM."
545648,2.99,Plant Based Water,,240.0,ml,8 OZA,,"MAPLE WATER (SAP), MAPLE WATER (SAP)."
548618,3.99,"Ketchup, Mustard, BBQ & Cheese Sauce",,5.0,g,1 tsp,,"WATER, ORGANIC JALAPENO PEPPER PUREE, TOMATILLO PUREE, WHITE DISTILLED VINEGAR, CANE SUGAR, CILANTRO PUREE (CILANTRO, VEGETABLE OIL [CANOLA OIL AND/OR OLIVE OIL], CITRIC ACID [FOR FRESHNESS]), SALT, GARLIC PUREE (GARLIC, WATER), GARLIC, SPINACH POWDER, LIME JUICE CONCENTRATE, HABANERO PEPPER POWDER, XANTHAN GUM."
549721,2.99,"Pickles, Olives, Peppers & Relishes",,15.0,g,4 OLIVES,,"ORGANIC PITTED OLIVES, WATER, SALT, ORGANIC EXTRA VIRGIN OLIVE OIL, LACTIC ACID."
550086,2.99,Wholesome Snacks,,90.0,g,1 POUCH,,"ORGANIC APPLE PUREE, ASCORBIC ACID (VITAMIN C FOR FRESHNESS)."
550857,2.79,"Chips, Pretzels & Snacks",,28.0,g,1 ONZ,,"PLANTAINS, PALM OLEIN."
550925,4.49,"Cakes, Cupcakes, Snack Cakes",,29.0,g,3 CRISPS,,"ORGANIC CANE SUGAR, FLOUR BLEND (GLUTEN-FREE OAT, GARBANZO/CHICKPEA, SORGHUM, TAPIOCA, FAVA AND POTATO STARCH FLOURS), ORGANIC SOY MILK (SOYBEANS, WATER, CARRAGEENAN), VEGAN CHOCOLATE CHIPS AND CHUNKS (SUGAR, UNSWEETENED CHOCOLATE, DEXTROSE, COCOA BUTTER, SOY LECITHIN [EMULSIFIER], NATURAL VANILLA EXTRACT), COCOA, PALM FRUIT OIL, SUNFLOWER OIL, SUNFLOWER LECITHIN, ORGANIC VANILLA EXTRACT EXPELLER PRESSED CANOLA OIL, BAKING SODA, POTASSIUM BITARTRATE, SALT, XANTHAN GUM, CALCIUM CARBONATE, CELLULOSE GUM. "
552707,3.49,"Popcorn, Peanuts, Seeds & Related Snacks",,42.0,g,0.25 cup,,"HONEY ROASTED COCOA CHILI PEANUTS (PEANUTS, SUGAR, HONEY, COCOA POWDER [PROCESSED WITH ALKALI], CANOLA OIL, CAYENNE PEPPER [CAYENNE PEPPER, SILICON DIOXIDE {ANTI-CAKING AGENT}], SALT, XANTHAN GUM), HONEY ROASTED COCOA CHILI ALMONDS (ALMONDS, SUGAR, HONEY, COCOA POWDER [PROCESSED WITH ALKALI], CANOLA OIL, CAYENNE PEPPER [CAYENNE PEPPER, SILICON DIOXIDE {ANTI-CAKING}], SALT, XANTHAN GUM), PECANS (PECANS, CANOLA OIL, SALT)."
555463,3.99,Salad Dressing & Mayonnaise,,30.0,g,2 Tbsp,,"EXTRA VIRGIN OLIVE OIL, BALSAMIC VINEGAR (CONTAINS SULFITES), THYME HONEY."
555500,3.99,Honey,,21.0,g,1 Tbsp,,"HONEY, BLACK SUMMER TRUFFLE PIECES, NATURAL MUSHROOM FLAVOR."
556309,10.99,Vegetable & Cooking Oils,,15.0,ml,1 Tbsp,,EXTRA VIRGIN OLIVE OIL
558600,2.49,"Ketchup, Mustard, BBQ & Cheese Sauce",,17.0,g,1 Tbsp,,"ORGANIC TOMATO PUREE, ORGANIC SUGAR, ORGANIC WHITE VINEGAR, SALT, ORGANIC ONION POWDER, ORGANIC SPICES."
558617,4.49,Other Soups,,240.0,ml,1 cup,,"BUTTERNUT PUREE, WATER, ORGANIC SOYMILK (WATER, ORGANIC SOYBEANS), CANE SUGAR, SEA SALT, EXPELLER PRESSED CANOLA OIL, RICE FLOUR, NATURAL FLAVOR, ONION POWDER, GARLIC POWDER, GINGER POWDER."
559300,3.29,Crackers & Biscotti,,30.0,g,7 CRACKERS,,"SOURDOUGH BREAD (UNBLEACHED ENRICHED FLOUR [WHEAT FLOUR, MALTED BARLEY FLOUR, NIACIN, REDUCED IRON, THIAMINE MONONITRATE, RIBOFLAVIN, FOLIC ACID], WATER, TOMATO PASTE, SALT, BASIL, SUNDRIED TOMATO), THREE CHEESE BLEND (PARMESAN CHEESE [CULTURED MILK, ANIMAL RENNET, SALT], ASIAGO CHEESE [CULTURED MILK, ANIMAL RENNET, SALT], WHITE CHEDDAR CHEESE [PASTEURIZED MILK, CHEESE CULTURES, SALT, ANIMAL RENNET]), BUTTER, GARLIC, WHITE PEPPER."
560740,2.69,Yogurt,,170.0,g,6 ONZ,,"ORGANIC CULTURED PASTEURIZED REDUCED FAT MILK, ORGANIC VANILLA BEAN BASE (ORGANIC CANE SUGAR, NATURAL FLAVOR, ORGANIC LOCUST BEAN GUM, PECTIN, ORGANIC VANILLA BEANS), LIVE ACTIVE CULTURES: L. ACIDOPHILUS, BIFIDUS, L. BULGARICUS, S. THERMOPHILUS, L. RHAMNOSUS. CULTURED AFTER PASTEURIZATION."
561228,3.99,Dips & Salsa,,28.0,g,2 Tbsp,,"COOKED GARBANZO BEANS (GARBANZO BEANS, WATER), SRIRACHA SAUCE (RED CHILI PEPPER, VINEGAR, SUGAR, GARLIC, SALT), TAHINI PASTE (GROUND SESAME SEED), EXPELLER PRESSED CANOLA OIL, LEMON JUICE CONCENTRATE, GRANULATED GARLIC, SEA SALT, CUMIN, WHITE PEPPER."
564519,2.99,Cereal,,40.0,g,1.4 ONZ,,"WHOLE GRAIN OATS, GROUND FLAXSEEDS, CHIA SEEDS, QUINOA, AMARANTH."
570190,2.99,"Fruit & Vegetable Juice, Nectars & Fruit Drinks",,240.0,ml,8 OZA,,"FILTERED WATER, APPLE JUICE CONCENTRATE, ORANGE JUICE CONCENTRATE, PINEAPPLE JUICE CONCENTRATE, WHITE GRAPE JUICE CONCENTRATE, PEACH PUREE CONCENTRATE, MANGO JUICE CONCENTRATE, CITRIC ACID, NATURAL FLAVORS, AND ASCORBIC ACID (VITAMIN C). "
570596,3.49,Dips & Salsa,,28.0,g,2 Tbsp,,"TOMATOES, WATER, DOUBLE ROASTED ANAHEIM PEPPERS, ONIONS, CILANTRO, CIDER VINEGAR, JALAPENOS, LIME JUICE, SEA SALT, GARLIC, CUMIN, BLACK PEPPER."
574747,1.69,"Oriental, Mexican & Ethnic Sauces",,60.0,g,0.25 cup,,"WATER, DEHYDRATED COCONUT MILK (COCONUT MILK, SODIUM CASEINATE [MILK]), RED CHILI PUREE, ONION, GARLIC, SUGAR, CANOLA OIL, SALT, CORNSTARCH, SPICES, GINGER, AUTOLYZED YEAST EXTRACT, ONION POWDER, EGG YOLKS, CITRIC ACID, NATURAL FLAVORS, XANTHAN GUM."
578790,2.49,Other Soups,,240.0,ml,1 cup,,"ORGANIC REDUCED FAT MILK, FILTER WATER, ORGANIC TOMATO PASTE, ORGANIC CANE SWEETENER (SUGAR), ORGANIC ROASTED RED PEPPER FLAVOR (ORGANIC RED PEPPERS, SEA SALT, ORGANIC BUTTER), ORGANIC ROASTED GARLIC, ORGANIC ROASTED RED PEPPERS, SEA SALT, SODIUM CITRATE, ORGANIC RICE FLOUR, ORGANIC GARLIC POWDER, ORGANIC ONION POWDER, ORGANIC SPICES."
592277,3.29,"Granulated, Brown & Powdered Sugar",,30.0,g,0.25 cup,,ORGANIC EVAPORATED CANE JUICE. ORGANIC TAPIOCA STARCH.
594875,5.99,Flours & Corn Meal,,30.0,g,1/4 cup,,"ALMONDS, ALMONDS."
598484,6.99,Chocolate,,50.0,g,1 BAR,,"SUGAR, COCOA BUTTER, WHOLE MILK POWDER, COCOA MASS, SOY LECITHIN, NATURAL VANILLA FLAVOR, COCOA SOLIDS 33% MIN, MILK SOLIDS 18% MIN."
598491,2.49,Chocolate,,50.0,g,1 BAR,,"COCOA MASS, SUGAR, COCOA BUTTER, SOY LECITHIN. COCOA SOLIDS 56% MIN."
599412,3.49,Other Grains & Seeds,,42.0,g,0.25 cup,,ORGANIC WHITE QUINOA. 
599658,1.99,"Oriental, Mexican & Ethnic Sauces",,60.0,ml,0.25 cup,,"WATER, COCONUT MILK (COCONUT MILK, CORNSTARCH, GUAR GUM, XANTHAN. GUM. CARRAGEENAN), ANAHEIM PEPPER PUREE, TAMARI SOY SAUCE (WATER, SOYBEANS, WHEAT, SALT), CILANTRO, SERRANO PEPPER PUREE, CANE SUGAR, GINGER PUREE, LIME JUICE CONCENTRATE, ARROWROOT POWDER, SEA SALT, ORGANIC SHREDDED COCONUT, GARLIC, XANTHAN GUM, DRIED CORIANDER, DRIED CUMIN, DRIED LEMONGRASS, SHALLOTS, WHITE PEPPER."
607599,2.99,"Chips, Pretzels & Snacks",,28.0,g,1 ONZ,,"STONE GROUND YELLOW CORN, SOY GRITS, BROWN FLAXSEED, CORN OIL OR SUNFLOWER OIL, SEA SALT, WATER, TRACE OF LIME."
646659,2.99,Wholesome Snacks,,40.0,g,2 PIECES,,"BANANAS, SULFUR DIOXIDE, BANANAS, SULFUR DIOXIDE (ADDED FOR FRESHNESS)."
670043,2.99,Cookies & Biscuits,,30.0,g,1.1 ONZ,,"UNBLEACHED WHEAT FLOUR, SUGAR, BUTTER (MILK), EGGS, SALT, AMMONIUM BICARBONATE."
670104,2.29,Plant Based Milk,,240.0,ml,8 OZA,,"WATER, WHOLE ORGANIC SOYBEANS."
681285,12.99,Vegetable & Cooking Oils,,15.0,ml,1 Tbsp,,CALIFORNIA ARBEQUINA OLIVE OIL.
693752,3.99,Plant Based Milk,,240.0,ml,8 OZA,,"ORGANIC SOYMILK (FILTERED WATER, WHOLE ORGANIC SOYBEANS), ORGANIC EVAPORATED CANE JUICE, TRICALCIUM PHOSPHATE, ORGANIC COCOA POWDER, ORGANIC VANILLA FLAVOR, SEA SALT, CARRAGEENAN, VITAMIN A PALMITATE, VITAMIN D2, RIBOFLAVIN (B2)."
698887,2.99,"Popcorn, Peanuts, Seeds & Related Snacks",,30.0,g,0.25 cup,,"ROASTED & SALTED ALMONDS (ALMONDS, CANOLA OIL, SALT), ROASTED & SALTED CASHEWS (CASHEWS, CANOLA OIL, SALT), PINEAPPLE (PINEAPPLE, SUGAR), CHERRIES (CHERRIES, SUGAR, SUNFLOWER OIL), CRANBERRIES (CRANBERRIES, SUGAR, SUNFLOWER OIL)."
710985,3.99,Frozen Appetizers & Hors D'oeuvres,,84.0,g,2 SAMOSAS,,"ENRICHED ALL PURPOSE WHEAT FLOUR (FLOUR, THIAMINE MONONITRATE, RIBOFLAVIN, NIACIN, FOLIC ACID, IRON [MAY CONTAIN AMYLASE], ASCORBIC ACID [VITAMIN C {DOUGH CONDITIONER}], WATER, DICED POTATOES, CARROTS, GREEN PEAS, CANOLA OIL, LENTILS, ONIONS, CILANTRO, SALT, PLAIN NONFAT YOGURT (SKIM MILK POWDER, WHEY PROTEIN, MODIFIED CORN STARCH, CARRAGEENAN, PECTIN, ACTIVE BACTERIAL CULTURE*, GARLIC, VINEGAR, SPICES, CITRIC ACID."
714563,3.99,Other Soups,,70.3,g,1 BOWL,,"RICE NOODLES (RICE, WATER), SEASONING MIX (SUGAR, GARLIC POWDER, SALT, MUSHROOM POWDER, AUTOLYZED YEAST EXTRACT, SPRING ONION FLAKE, PEPPER), DRIED VEGETABLE PACKET (FREEZE DRIED MUSHROOM, FREEZE DRIED CORN, FREEZE DRIED CARROT), OIL SACHET (RICE BRAN OIL, GARLIC)."
717175,2.99,Cheese,,113.0,g,0.5 cup,,"PASTEURIZED SKIM MILK*, NONFAT DRY MILK*, SALT, GRADE A WHEY, GRADE A LACTOSE, TITANIUM DIOXIDE (COLOR), GUAR GUM, CARRAGEENAN, CITRIC ACID, LOCUST BEAN GUM, LACTIC ACID, PHOSPHORIC ACID, NATURAL FLAVORS, CULTURED GRADE A SKIM MILK*, VITAMIN D3, VITAMIN A PALMITATE, ENZYMES."
728508,1.99,Pizza Mixes & Other Dry Dinners,,150.0,g,0.5 PACKAGE,,"CHICKPEAS, TOMATOES, ONIONS, WATER, SUNFLOWER OIL, GINGER, GARLIC, CORIANDER, CUMIN, SALT, BLACK PEPPER, CINNAMON, CARDAMOM, CLOVE, GREEN CHILI, RED CHILI POWDER, FENNEL, TURMERIC, CHICKPEAS, TOMATOES, ONIONS, WATER, SUNFLOWER OIL, GINGER, GARLIC, CORIANDER, CUMIN, SALT, BLACK PEPPER, CINNAMON, CARDAMOM, CLOVE, GREEN CHILI, RED CHILI POWDER, FENNEL TURMERIC."
740661,4.99,Breads & Buns,,28.0,g,1 ONZ,,"SPROUTED WHEAT GRAINS, OATS, RYE, BARLEY, CORN, RICE, MILLET, WHEAT FLOUR, WATER, HONEY, VITAL WHEAT GLUTEN, YEAST, MOLASSES, SALT."
765152,3.99,"Granulated, Brown & Powdered Sugar",,4.0,g,1 tsp,,ORGANIC EVAPORATED CANE JUICE.
772914,0.99,Yogurt,,227.0,g,1 CONTAINER,,"GRADE A PASTEURIZED MILK, CREAM, NONFAT MILK, FRUIT JUICE CONCENTRATES (PINEAPPLE, PEACH, APPLE, PEAR), WATER, APRICOTS, MANGOES, TAPIOCA STARCH, PECTIN, NATURAL FLAVOR, CITRIC ACID, LIVE AND ACTIVE CULTURES: S. THERMOPHILUS, L. BULGARICUS, L. ACIDOPHILUS, CULTURED AFTER PASTEURIZATION."
774093,3.99,"Entrees, Sides & Small Meals",,74.0,g,0.5 cup,,"LONG GRAIN BROWN RICE, GRAPE SEED OIL."
785556,3.99,"Seasoning Mixes, Salts, Marinades & Tenderizers",,15.0,g,1 Tbsp,,"SOY SAUCE (WATER, WHEAT, SOYBEANS, SLAT), SUGAR, GARLIC PUREE (GARLIC, WATER, CITRIC ACID), SESAME SEEDS, SOYBEAN OIL, GINGER PUREE, WHITE VINEGAR, SOY POWDER (SOYBEAN, SALT, WHEAT, MALTODEXTRIN), OIL, GARLIC, ONIONS, ONION POWDER, GINGER POWDER."
785570,3.49,"Oriental, Mexican & Ethnic Sauces",,60.0,g,0.25 cup,,"WATER. CANOLA OIL, SUGAR. DEHYDRATED COCONUT MILK (COCONUT, SODIUM CASEINATE [MILK]), GARLIC, ONION, COCONUT MILK, SALT, CONTAINS 2% OR LESS OF: GINGER, RED CHILI, CORNSTARCH, SPICES, CULTURED WHEY (MILK), ONION AND GARLIC POWDER, CITRIC ACID, CULTURED DEXTROSE, INULIN (CHICORY ROOT), NATURAL FLAVOR, XANTHAN GUM."
786188,2.99,Crackers & Biscotti,,30.0,g,37 CRACKERS,,"BROWN RICE FLOUR, WHITE RICE FLOUR, TAMARI SOY SAUCE (WATER, SOYBEANS, SALT), POTATO STARCH, BLACK SESAME SEEDS, FLAX SEEDS, DRIED CANE SYRUP, TORULA YEAST, BROWN RICE FLOUR, WHITE RICE FLOUR, TAMARI SOY SAUCE (WATER, SOYBEANS, SALT), POTATO STARCH, BLACK SESAME SEEDS, FLAX SEEDS, DRIED CANE SYRUP, TORULA YEAST."
796149,3.49,Dips & Salsa,,34.0,g,2 Tbsp,,"CORN SUGAR, ONIONS RED BELL PEPPERS JALAPENO PEPPERS DISTILLED VINEGAR, CRUSHED RED PEPPERS, BLACK PEPPER, CORIANDER SEED, MUSTARD SEED SALT, GUAR GUM."
798587,3.49,Cheese,,28.0,g,1 ONZ,,"PASTEURIZED MILK, SALT CHEESE CULTURES, ENZYMES"
802291,10.99,Alcohol,,60.0,ml,,,"WATER, SUGAR, CITRIC ACID, LEMON AND LIME JUICE CONCENTRATE, NATURAL FLAVOR, GUM ACACIA, CARAMEL COLOR"
809580,3.49,"Cake, Cookie & Cupcake Mixes",,50.0,g,,16 oz/1 lbs/454 g,"SUGAR, UNBLEACHED ENRICHED FLOUR (WHEAT FLOUR, NIACIN, REDUCED IRON, THIAMIN MONONITRATE, RIBOFLAVIN, FOLIC ACID, MAY CONTAIN MALTED BARLEY FLOUR, ENZYMES, ASCORBIC ACID [VITAMIN C {DOUGH CONDITIONER}]), LEAVENING (SODIUM ACID PYROPHOSPHATE, SODIUM BICARBONATE), SALT, SOYBEAN OIL, VANILLA BEAN SPECKS, MADAGASCAR BOURBON VANILLA FLAVOR, XANTHAN GUM."
809979,1.99,Wholesome Snacks,,40.0,g,,,"SWEETENED DRIED CRANBERRIES (CRANBERRIES, SUGAR, EXPELLER PRESSED CRANBERRY SEED OIL)."
810760,2.99,Other Soups,,240.0,ml,,,"WATER, SWEET CORN, POTATOES, ONIONS, HONEY, ROASTED POBLANO PEPPERS, CILANTRO, SEA SALT, EXPELLER PRESSED CANOLA OIL AND/OR SAFFLOWER OIL AND/OR SUNFLOWER OIL."
810807,4.49,Other Soups,,240.0,ml,,,"WATER, SWEET POTATOES, POTATOES, CARROTS, PARSNIPS, HONEY, ORGANIC EVAPORATED CANE SUGAR (NATURAL MILLED CANE SUGAR), SEA SALT, EXPELLER PRESSED CANOLA OIL, AND/OR SAFFLOWER OIL AND/OR SUNFLOWER OIL."
815949,5.99,"Pepperoni, Salami & Cold Cuts",,56.0,g,,,"TURKEY BREAST, WATER, CONTAINS LESS THAN 2% OF SEA SALT, EVAPORATED CANE SYRUP, VINEGAR, CARRAGEENAN."
815963,5.99,"Pepperoni, Salami & Cold Cuts",,56.0,g,,,"TURKEY BREAST, WATER, CONTAINS LESS THAN 2% OF SEA SALT, EVAPORATED CANE SYRUP, VINEGAR, CARRAGEENAN."
816649,3.99,"Fruit & Vegetable Juice, Nectars & Fruit Drinks",,240.0,ml,,,"FILTERED SPARKLING WATER (SUFFICIENT TO RECONSTITUTE), JUICE CONCENTRATES (BLUEBERRY, APPLE, PEAR AND WHITE GRAPE), NATURAL FLAVORS."
823111,7.99,Alcohol,,118.0,ml,,,"TOMATO PUREE (WATER, TOMATO PASTE), IODIZED SALT, CITRIC ACID, SPICES, SUGAR, DISTILLED VINEGAR, CALM BROTH (CLAMS, MALTODEXTRIN, CORN, SUGAR, SALT), ONION POWDER, GARLIC POWDER, TOMATO PUREE (WATER, TOMATO PASTE), IODIZED SALT, CITRIC ACID, SPICES, SUGAR, DISTILLED VINEGAR, CALM BROTH (CLAMS, MALTODEXTRIN, CORN, SUGAR, SALT), ONION POWDER, GARLIC POWDER."
827560,4.49,Cookies & Biscuits,,26.0,g,,,"CANE SUGAR, GRAIN BLEND (CORN FLOUR, SOY FLOUR, RICE FLOUR, CORNSTARCH, POTATO FLOUR, TAPIOCA STARCH, POTATO STARCH, XANTHAN GUM, ARABIC GUM, CARRAGEENAN), PALM OIL, COCOA POWDER (PROCESSED WITH ALKALI), EXPELLER PRESSED CANOLA OIL, INVERT SYRUP, COCOA POWDER, EGG WHITE POWDER, SEA SALT, BAKING SODA, VANILLA BEAN SEEDS, SOY LECITHIN (AN EMULSIFIER), NATURAL FLAVORS, AMMONIUM BICARBONATE. "
845809,3.99,"Cake, Cookie & Cupcake Mixes",,40.0,g,,,"UNBLEACHED ENRICHED FLOUR (WHEAT FLOUR, NIACIN, REDUCED IRON, THIAMINE MONONITRATE, RIBOFLAVIN, FOLIC ACID, MAY CONTAIN BARLEY FLOUR, ENZYMES, ASCORBIC ACID), WHOLE WHEAT FLOUR, ROLLED OATS, LEAVENING ( SODIUM ACID PYROPHOSPHATE, SODIUM BICARBONATE, MONOCALCIUM PHOSPHATE), SOYBEAN OIL, SUGAR, YELLOW CORNMEAL, WHEAT BRAN, OAT BRAN, BROWN RICE FLOUR, SALT, BUTTERMILK."
852180,2.99,Bread & Muffin Mixes,,47.0,g,,,"SUGAR, UNBLEACHED ENRICHED WHEAT FLOUR (WHEAT FLOUR, NIACIN, REDUCED IRON, THIAMIN MONONITRATE, RIBOFLAVIN, FOLIC ACID), BANANA FLAKES, BAKING POWDER (SODIUM ACID PYROPHOSPHATE, SODIUM BICARBONATE, CORNSTARCH, MONOCALCIUM PHOSPHATE), WHEAT GERM, BRAN, SALT, NATURAL VANILLA FLAVOR."
854252,2.49,"Pickles, Olives, Peppers & Relishes",,18.0,g,,,"MANGO, SUGAR, RED BELL PEPPER, WATER, RED WINE VINEGAR, RAISINS, GINGER, TAPIOCA STARCH, CAYENNE PEPPER, SEA SALT, LOCUST BEAN GUM, XANTHAN GUM."
859097,3.99,Cereal,,55.0,g,,16 oz/1 lbs/454 g,"WHOLE ROLLED WHEAT, MILLED CANE SUGAR, RICE FLOUR, CORNSTARCH, VEGETABLE OIL (CANOLA AND/OR SAFFLOWER AND/OR SUNFLOWER OIL), BROWN RICE SYRUP, ALMONDS, SALT, NATURAL FLAVOR, BARLEY MALT SYRUP."
860932,2.99,Plant Based Milk,,240.0,ml,,,"FILTERED WATER, BROWN RICE (PARTIALLY MILLED), EXPELLER PRESSED VEGETABLE OIL (CANOLA OIL AND/OR SAFFLOWER OIL AND/OR SUNFLOWER OIL), TRICALCIUM PHOSPHATE, NATURAL VANILLA FLAVOR WITH OTHER NATURAL FLAVORS, SEA SALT, VITAMIN A PALMITATE, ERGOCALCIFEROL (VITAMIN D2), CYANOCOBALAMIN (VITAMIN B12)."
860956,2.99,Plant Based Milk,,240.0,ml,,,"FILTERED WATER, ORGANIC BROWN RICE (PARTIALLY MILLED), ORGANIC EXPELLER PRESSED VEGETABLE OIL (CANOLA OIL AND/OR SAFFLOWER OIL AND/OR SUNFLOWER OIL), TRICALCIUM PHOSPHATE, SEA SALT, VITAMIN A PALIMTATE, ERGOCALCIFEROL (VITAMIN D2), CYANOCOBALAMIN (VITAMIN B12), FILTERED WATER, ORGANIC BROWN RICE (PARTIALLY MILLED), ORGANIC EXPELLER PRESSED VEGETABLE OIL (CANOLA OIL AND/OR SAFFLOWER OIL AND/OR SUNFLOWER OIL), TRICALCIUM PHOSPHATE, SEA SALT, VITAMIN A PALIMTATE, ERGOCALCIFEROL (VITAMIN D2), CYANOCOBALAMIN (VITAMIN B12)."
860970,2.99,Plant Based Milk,,240.0,ml,,,"FILTERED WATER, BROWN RICE (PARTIALLY MILLED), EXPELLER PRESSED VEGETABLE OIL (CANOLA OIL AND/OR SAFFLOWER OIL AND/OR SUNFLOWER OIL), TRICALCIUM PHOSPHATE, NATURAL VANILLA FLAVOR WITH OTHER NATURAL FLAVORS, SEA SALT, VITAMIN A PALMITATE, ERGOCALCIFEROL (VITAMIN D2), CYANOCOBALAMIN (VITAMIN B12)."
868631,4.69,"Pepperoni, Salami & Cold Cuts",,56.0,g,,,"PORK, WATER, VINEGAR, KOSHER SALT, TURBINADO SUGAR, MOLASSES, *CELERY POWDER, SPICE EXTRACTIVES."
876209,1.99,Milk Additives,,15.0,ml,,,"ORGANIC SOYBASE (FILTERED WATER, WHOLE ORGANIC SOYBEANS), EXPELLER PRESSED ORGANIC CANOLA OIL, ORGANIC CANE SUGAR, ORGANIC MALTODEXTRIN (FROM CORN), POTASSIUM PHOSPHATE, SOY LECITHIN, NATURAL FALVORS, CARRAGEENAN, SODIUM CITRATE, ORGANIC TAPIOCA STARCH."
877770,2.49,"Popcorn, Peanuts, Seeds & Related Snacks",,,,,,"WHEAT FLOUR, SUGAR, SALT, BARLEY MALT SYRUP"
878050,3.99,"Jam, Jelly & Fruit Spreads",,20.0,g,,17.5 oz/496 g,"RASPBERRIES, LIQUID SUGAR (SUGAR, WATER), SUGAR, LEMON JUICE CONCENTRATE, PECTIN."
885911,13.95,Other Grains & Seeds,,15.0,g,,,"GOLDEN ROASTED MILLED FLAX SEED, MILLED ROASTED FLAXSEED, BLUEBERRIES, CORN STARCH, MALTODEXTRIN, CANE SUGAR, NATURAL FLAVORS, SUNFLOWER LECTHIN."
888653,2.99,Frozen Patties and Burgers,,71.0,g,,,"POTATOES, CANOLA OIL, CARROTS, GREEN BEANS, BREAD CRUMBS (WHEAT FLOUR, SUGAR, YEAST, SALT), BELL PEPPERS, ONIONS, CORN, WATER, SALT, SUGAR, SPICES, GINGER, CELLULOSE GUM, GREEN PEPPER, CITRIC ACID, TURMERIC, MUSTARD SEEDS, POTATOES, CANOLA OIL, CARROTS, GREEN BEANS, BREAD CRUMBS (WHEAT FLOUR, SUGAR, YEAST, SALT), BELL PEPPERS, ONIONS, CORN, WATER, SALT, SUGAR, SPICES, GINGER, CELLULOSE GUM, GREEN PEPPER, CITRIC ACID, TURMERIC, MUSTARD SEEDS."
896979,2.99,Cereal,,40.0,g,,,"ORGANIC ROLLED OATS, ORGANIC DEHYDRATED CANE JUICE SOLIDS, ORGANIC CINNAMON, ORGANIC SPICES, SEA SALT."
899857,3.99,"Fruit & Vegetable Juice, Nectars & Fruit Drinks",,240.0,ml,,,"FILTERED SPARKLING WATER (SUFFICIENT TO RECONSTITUTE), JUICE CONCENTRATES (APPLE, POMEGRANATE, RED GRAPE AND BLACK CURRANT), NATURAL FLAVORS."
900836,5.99,"Popcorn, Peanuts, Seeds & Related Snacks",,30.0,g,,,"ALMONDS, SUNFLOWER OIL, SEA SALT, DRIED WHOLE ROSEMARY."
906425,3.99,Dips & Salsa,,30.0,g,,,"GARBANZO BEANS (GARBANZO BEANS, WATER, SALT), TAHINI (GROUND SESAME SEEDS), WATER, CANOLA OIL AND/OR SAFFLOWER OIL, GARLIC, CONCENTRATED LEMON JUICE, SALT, PINE NUTS, PHOSPHORIC, ACETIC AND MALIC ACIDS, CULTURED DEXTROSE (PRESERVES FRESHNESS), OLIVE OIL, SPICES, DEHYDRATED RED BELL PEPPER, DEHYDRATED PARSLEY."
907040,2.29,Cereal,,55.0,g,,,"WHOLE WHEAT FLOUR, BROWN RICE, MILLED CANE SUGAR, RICE FLOUR, WHOLE ROLLED OATS, CHERRY PUREE (CHERRIES, SUGAR, NATURAL FLAVOR, CITRIC ACID, ELDERBERRY JUICE CONCENTRATE [FOR COLOR], FRUIT JUICE [FOR COLOR]), VEGETABLE OIL (CANOLA AND/OR SAFFLOWER AND/OR SUNFLOWER OIL), FREEZE DRIED BLUEBERRIES, FREEZE DRIED POMEGRANATE, SALT HONEY, CORNSTARCH, NATURAL FLAVOR, BARLEY MALT SYRUP, ANNATTO (FOR COLOR), PURPLE CARROT JUICE (FOR COLOR)."
908597,1.99,Canned Soup,"NOT A SIGNIFICANT SOURCE OF TRANS FAT, DIETARY FIBER, VITAMIN A, VITAMIN C, CALCIUM AND IRON.",9.600000381469728,g,,4.06 oz/115 g,"CHICKEN STOCK, MALTODEXTRIN (CORN), NATURAL FLAVOR, CHICKEN FAT, SUGAR, SALT, YEAST EXTRACT, XANTHAN GUM."
909761,2.99,"Pickles, Olives, Peppers & Relishes",,14.0,g,,,"OLIVES, WATER, SALT, FEROUS GLUCONATE (TO STABILIZE COLOR)."
909938,2.99,Cookies & Biscuits,,28.0,g,,,"WHEAT FLOUR, BROWN SUGAR, NON HYDROGENATED SHORTENING (PALM FRUIT OIL), MOLASSES, PASTEURIZED WHOLE EGGS, MINCED CANDIED GINGER (GINGER, CANE SUGAR), GROUND GINGER, CANDIED GINGER PULP(GINGER, CANE SUGAR), BAKING SODA, CINNAMON, SALT."
910149,3.49,Other Soups,,240.0,ml,,,"WATER, ORGANIC TOMATO PASTE, ORGANIC CREAM, ORGANIC RICE STARCH, ORGANIC CANE SUGAR, POTASSIUM CHLORIDE, SEA SALT, ORGANIC CHEESE FLAVOR (ORGANIC CHEDDAR CHEESE [PASTEURIZED MILK, CULTURES, SALT, ENZYMES], WATER, SALT, SODIUM CITRATE, XANTHAN GUM), ORGANIC GARLIC POWDER, ORGANIC ONION POWDER, SODIUM CITRATE."
910569,2.99,Cereal,,35.0,g,,350 g/12.3 oz,"WHOLE GRAIN ROLLED OATS (WITH OAT BRAN), SUGAR, DEHYDRATED APPLES (TREATED WITH ASCORBIC ACID, CITRIC ACID AND CALCIUM CHLORIDE TO PRESERVE COLOR), CINNAMON, SALT, CALCIUM CARBONATE, NATURAL FLAVORS, CITRIC ACID, GUAR GUM, FERRIC ORTHOPHOSPHATE, (SOURCE OF IRON), NIACINAMIDE, PYRIDOXINE HYDROCHLORIDE, (B6) RIBOFLAVIN, VITAMIN A PALMITATE, THIAMIN MONONITRATE, FOLIC ACID."
910729,3.99,"Pickles, Olives, Peppers & Relishes",,28.0,g,,,"ORGANIC CUCUMBERS, WATER, ORGANIC VINEGAR, SALT, DEHYDRATED ORGANIC GARLIC, CALCIUM CHLORIDE, NATURAL FLAVORS, ORGANIC TURMERIC (COLOR)."
911054,5.99,Dips & Salsa,,30.0,g,2 Tbsp,,"GREAT NORTHERN WHITE BEANS, WATER, TAHINI (PUREED SESAME SEEDS), CANOLA OIL, GARLIC, SOY SAUCE (WATER, WHEAT, SOYBEANS, SALT), LEMON JUICE CONCENTRATE, CITRUS FIBER, CULTURED DEXTROSE (FOR FRESHNESS), OLIVE OIL, SUN DRIED TOMATOES, SALT, PHOSPHORIC, ACETIC AND MALIC ACIDS, PARSLEY, WHITE PEPPER, PAPRIKA."
911924,5.49,Wholesome Snacks,,40.0,g,,,"DARK CHOCOLATE (CHOCOLATE LIQUOR, SUGAR, COCOA BUTTER, COCOA POWDER, SOY LECITHIN, VANILLA EXTRACT), DRIED CHERRIES (CHERRIES, SUGAR, SUNFLOWER OIL), DEXTRIN (CORN), AND FOOD GLAZE, DARK SWEET CHERRIES."
912167,3.99,"Fruit & Vegetable Juice, Nectars & Fruit Drinks",,200.0,ml,,,"FILTERED WATER, APPLE JUICE CONCENTRATE, NATURAL FLAVORS, ASCORBIC ACID (VITAMIN C)."
913690,2.29,"Oriental, Mexican & Ethnic Sauces",,15.0,g,,,"WATER, GROUND PEANUTS, COCONUT CREME (COCONUT EXTRACT, WATER GUM), ORGANIC SOY SAUCE (WATER, ORGANIC SOYBEANS, SALT, ORGANIC WHEAT, ORGANIC ALCOHOL), HONEY, GROUND CASHEWS, CHILI PEPPER PUREE (RED CHILI PEPPERS [SALT, CITRIC ACID], SPICES, SALT, WATER, SUGAR, CORN OIL, YEAST EXTRACT, JALAPENO POWDER, FLAVOR), CANOLA OIL SHALLOTS, LIME JUICE CONCENTRATE, ANCHOVY (ANCHOVY EXTRACT, SALT, SUGAR), TAMARIND CONCENTRATE, PAPRIKA, GINGER, GARLIC, CITRIC ACID, ANNATTO POWDER, XANTHAN GUM."
914918,2.99,Wholesome Snacks,,40.0,g,,,PINEAPPLE.
919890,5.99,Nut & Seed Butters,,32.0,g,,16 oz/1 lbs/454 g,RAW ALMONDS.
922357,8.99,Other Meats,,76.0,g,,,"INGREDIENTS: WATER, ISOLATED SOY PROTEIN, VITAL WHEAT GLUTEN, NATURAL FLAVORS, EXPELLER PRESSED CANOLA OIL, ORGANIC EVAPORATED CANE JUICE, SPICES, YEAST EXTRACT, SEA SALT, GARLIC POWDER, ONION POWDER, RED BELL PEPPER FLAKES, PARSLEY FLAKES, PEA PROTEIN, CARROT FIBER, SUNFLOWER OIL."
922722,3.79,Canned Vegetables,,100.0,g,,,"HEARTS OF PALM, WATER, SALT, CITRIC ACID (ACIDITY REGULATOR)."
923064,3.49,Crackers & Biscotti,,30.0,g,22 CRACKERS,,"ENRICHED FLOUR (WHEAT FLOUR, NIACIN, REDUCED IRON, THIAMIN MONONITRATE, RIBOFLAVIN, FOLIC ACID), SUNFLOWER OIL, SUGAR, SCOTCH OATMEAL, INULIN, RYE FLOUR, MULTIGRAIN FLOUR BLEND (WHEAT, RYE, TRITICALE, BARLEY, CORN, MILLET, SOYBEAN, SUNFLOWER SEEDS, RICE, FLAX, DURUM WHEAT, OATS), WHEAT GERM, MODIFIED CORN STARCH, SALT, INVERT SYRUP, SODIUM BICARBONATE, ONION POWDER, MALT FLOUR, MONOCALCIUM PHOSPHATE, ENZYMES."
923774,2.99,Crackers & Biscotti,,30.0,g,,,"ENRICHED WHEAT FLOUR (FLOUR, NIACIN, REDUCED IRON, THIAMINE MONONITRATE, RIBOFLAVIN, FOLIC ACID), WHOLE WHEAT FLOUR, SUNFLOWER OIL, SUGAR, WHEAT GERM, CORN STARCH, INVERT SUGAR SYRUP, SALT, MALT EXTRACT, ONION POWDER, TORULA YEAST, SODIUM BICARBONATE, MONOCALCIUM PHOSPHATE, ANNATTO COLOR AND TURMERIC OLEORESIN (COLOR)."
924665,2.99,Snacks,,,,,,"POPCORN, SUNFLOWER OIL, SUGAR, SALT"
925372,3.49,Dips & Salsa,,32.0,g,,,"DICED TOMATOES, TOMATO PUREE, FIRE-ROASTED TOMATOES, ROASTED ONIONS, ROASTED GREEN BELL PEPPERS. LIME JUICE, SUGAR, JALAPENO PEPPERS, ONIONS, ROASTED GARLIC, WHITE DISTILLED VINEGAR, CILANTRO, CUMIN, CHIPOTLE PEPPERS, BLACK PEPPER."
925907,3.99,"Pickles, Olives, Peppers & Relishes",,15.0,g,,,"ORGANIC CUCUMBERS, ORGANIC CANE SUGAR, WATER, ORGANIC DISTILLED VINEGAR, SALT, ORGANIC DEHYDRATED PEPPERS, CALCIUM CHLORIDE, XANTHAN GUM, ORGANIC NATURAL SPICE FLAVORS, ORGANIC GUM ARABIC."
926904,2.99,"Cakes, Cupcakes, Snack Cakes",,24.0,g,,,"ORGANIC WHOLE GRAIN BROWN RICE, ORGANIC MARSHMALLOW (ORGANIC BROWN RICE SYRUP, ORGANIC CANE SUGAR, ORGANIC GUAR GUM, SEA SALT), ORGANIC PALM FRUIT OIL, VEGETABLE GLYCERIN, ORGANIC RICE BRAN EXTRACT, ORGANIC VANILLA FLAVOR, ORGANIC WHOLE GRAIN BROWN RICE, ORGANIC MARSHMALLOW (ORGANIC BROWN RICE SYRUP, ORGANIC CANE SUGAR, ORGANIC GUAR GUM, SEA SALT), ORGANIC PALM FRUIT OIL, VEGETABLE GLYCERIN, ORGANIC RICE BRAN EXTRACT, ORGANIC VANILLA FLAVOR."
928908,4.49,Cookies & Biscuits,,28.0,g,9 COOKIES,,"WHEAT FLOUR, CANE SUGAR NON HYDROGENATED SHORTENING (PALM FRUIT OIL), PASTEURIZED WHOLE EGGS, BAKING SODA, NATURAL MEYER LEMON OIL NATURAL BUTTER FLAVOR, NONFAT DRY MILK, SALT NATURAL CITRUS FLAVOR."
929172,3.95,Other Condiments,,16.0,g,,,"CRANBERRIES, APPLES, SUGAR, CRANBERRY JUICE CONCENTRATE, PECTIN, ASCORBIC ACID (VITAMIN C), CRANBERRIES, APPLES, SUGAR, CRANBERRY JUICE CONCENTRATE, PECTIN, ASCORBIC ACID (VITAMIN C)."
929783,2.99,Bread & Muffin Mixes,,30.0,g,,,"ORGANIC WHEAT FLOUR, WATER, ORGANIC EVAPORATED CANE JUICE, SEA SALT, YEAST."
930819,2.99,Yogurt,,227.0,g,,16 oz/1 lbs/454 g,"GRADE A PASTEURIZED SKIM MILK, CANE SUGAR, CORN STARCH, NATURAL VANILLA FLAVOR, PECTIN, LOCUST BEAN GUM, CITRIC ACID AND LIVE AND ACTIVE CULTURES: S. THERMOPHILUS, L. BULGARICUS, L. ACIDOPHILUS, BIFIDUS AND L. CASEI, CULTURE AFTER PASTEURIZATION."
930826,3.99,"Seasoning Mixes, Salts, Marinades & Tenderizers",,1.0,g,,,"HIMALAYAN PINK SALT, HIMALAYAN PINK SALT CRYSTALS."
930840,2.29,Herbs & Spices,,0.699999988079071,g,,,"RAINBOW PEPPERCORNS, BLACK PEPPERCORNS, WHITE PEPPERCORNS, GREEN PEPPERCORNS, PINK PEPPERCORNS"
930895,0.99,"Seasoning Mixes, Salts, Marinades & Tenderizers",,6.0,g,,,"SEA SALT, CUMIN, CAYENNE PEPPER, CANE SUGAR, PAPRIKA, ONION, GARLIC, BLACK PEPPER, RED BELL PEPPER, OREGANO, CHILI PEPPER, SMOKED PAPRIKA."
931847,1.99,Chocolate,,40.0,g,,,"COCOA MASS, SUGAR, COCOA BUTTER, SOY LECITHIN, NATURAL VANILLA FLAVOR. "
932950,3.49,Breads & Buns,,56.0,g,,,"WHOLE WHEAT FLOUR, WATER, SAFFLOWER OIL, MALTED BARLEY FLOUR (WHEAT FLOUR, DEXTROSE), HONEY, YEAST, BAKING POWDER (SODIUM ACID PYROPHOSPHATE, SODIUM BICARBONATE, CORN STARCH, MONOCALCIUM PHOSPHATE), SEA SALT, CULTURED WHEAT STARCH (FOR FRESHNESS), CITRIC ACID, SOY LECITHIN, ASCORBIC ACID (VITAMIN C AS A DOUGH CONDITIONER)."
932967,3.49,Breads & Buns,,56.0,g,,,"UNBLEACHED WHEAT FLOUR (FLOUR, NIACIN, REDUCED IRON, THIAMINE MONONITRATE, RIBOFLAVIN, FOLIC ACID), WATER, SAFFLOWER OIL, MALTED BARLEY FLOUR (WHEAT FLOUR, DEXTROSE), HONEY, YEAST, BAKING POWDER (SODIUM ACID PYROPHOSPHATE, SODIUM BICARBONATE, CORN STARCH, MONOCALCIUM PHOSPHATE), SEA SALT, CULTURED WHEAT STARCH FOR FRESHNESS (CITRIC ACID), SOY LECITHIN, ASCORBIC ACID (VITAMIN C AS A DOUGH CONDITIONER)."
934619,2.79,Tea Bags,,2.0,g,,,"PEPPERMINT LEAF, DECAFFEINATED GREEN TEA, ORANGE PEEL, NATURAL VANILLA FLAVOR AND NATURAL MINT FLAVOR WITH OTHER NATURAL FLAVORS, CINNAMON, MILK THISTLE, BLACKBERRY LEAVES, ROASTED CAROB, ROASTED CHICORY, VANILLA BEAN, SUGAR AND GUM ACACIA."
938327,1.99,Wholesome Snacks,,40.0,g,,,"COCONUT, CANE SUGAR, SULFURDIOXIDE (FOR FRESHNESS), COCONUT, CANE SUGAR, SULFURDIOXIDE (FOR FRESHNESS)."
938457,5.99,Other Grains & Seeds,,45.0,g,,,"ISRAELI COUSCOUS [SEMOLINA (DURUM WHEAT, ROSEMARY EXTRACT)], TRI-COLORED ORZO PASTA [ENRICHED SEMOLINA [DURUM WHEAT, NIACIN, FERROUS SULFATE, THIAMINE MONONITRATE, RIBOFLAVIN, FOLIC ACID, DRIED RED BELL PEPPER, DRIED SPINACH)], SPLIT BABY GARBANZO BEANS, RED QUINOA, ISRAELI COUSCOUS [SEMOLINA (DURUM WHEAT, ROSEMARY EXTRACT)], TRI-COLORED ORZO PASTA [ENRICHED SEMOLINA [DURUM WHEAT, NIACIN, FERROUS SULFATE, THIAMINE MONONITRATE, RIBOFLAVIN, FOLIC ACID, DRIED RED BELL PEPPER, DRIED SPINACH)], SPLIT BABY GARBANZO BEANS, RED QUINOA."
939966,1.19,Yogurt,,130.0,g,,4.6 oz/130 g,"LOW FAT VANILLA YOGURT (GRADE A PASTEURIZED REDUCED FAT MILK, VANILLA BLEND [NATURALLY MILLED CANE SUGAR, WATER, CORN STARCH, NATURAL FLAVOR], INULIN(DIETARY FIBER], NON FAT MILK, KOSHER GELATIN, LIVE AND ACTIVE CULTURES[S. THERMOPHILUS, L.BULGARICUS, L. ACIDOPHILUS, BIFIDUS AND L. CASEI]), TOASTED ALMONDS (DRY ROASTED BLANCHED SLICED ALMONDS)."
940207,3.49,"Fruit & Vegetable Juice, Nectars & Fruit Drinks",,240.0,ml,,,"SPARKLING FILTERED WATER, WHITE GRAPE JUICE CONCENTRATE, CLEMENTINE JUICE CONCENTRATE, NATURAL FLAVORS."
945837,3.99,"Chips, Pretzels & Snacks",,28.0,g,,,"ORGANIC STONE GROUND BLUE CORN WITH A TRACE OF LIME, ORGANIC VEGETABLE OIL (CANOLA AND/OR SUNFLOWER AND/OR SAFFLOWER OIL), SEA SALT."
946407,1.99,"Ketchup, Mustard, BBQ & Cheese Sauce",,5.0,g,,,"DISTILLED VINEGAR, WATER, MUSTARD SEED, SALT, SPICES, TURMERIC (SPICE AND COLOR)."
946629,3.99,Cereal,,29.0,g,,,"CORN, SUGAR, GLUCOSE SYRUP (WHEAT AND/OR CORN), BARLEY MALT, SALT. VITAMINS: VITAMIN C (ASCORBIC ACID), NIACIN (NICOTINAMIDE), VITAMIN B6 (PYRIDOXINE HYDROCHLORIDE), VITAMIN B2 (RIBOFLAVIN), VITAMIN B1 (THIAMINE MONONITRATE), VITAMIN A (RETINYL ACETATE), FOLIC ACID, VITAMIN B12 (CYANOCOBALAMIN), VITAMIN D (CHOLECALCIFEROL), SODIUM ASCORBATE (AS AN ANTIOXIDANT), CORN, SUGAR, GLUCOSE SYRUP (WHEAT AND/OR CORN), BARLEY MALT, SALT. VITAMINS: VITAMIN C (ASCORBIC ACID), NIACIN (NICOTINAMIDE), VITAMIN B6 (PYRIDOXINE HYDROCHLORIDE), VITAMIN B2 (RIBOFLAVIN), VITAMIN B1 (THIAMINE MONONITRATE), VITAMIN A (RETINYL ACETATE), FOLIC ACID, VITAMIN B12 (CYANOCOBALAMIN), VITAMIN D (CHOLECALCIFEROL), SODIUM ASCORBATE (AS AN ANTIOXIDANT)."
947695,2.79,"French Fries, Potatoes & Onion Rings",,64.0,g,,,"POTATOES, VEGETABLE OIL (SOYBEAN OR CANOLA), SALT, DEXTROSE, CITRIC ACID. "
947985,2.99,Crackers & Biscotti,,28.0,g,,,"UNBLEACHED ENRICHED FLOUR [WHEAT FLOUR, NIACIN, REDUCED IRON, THIAMINE MONONITRATE, RIBOFLAVIN, FOLIC ACID], WATER, WHOLE WHEAT FLOUR, MULTIGRAIN BLEND (FLAX SEEDS, OAT BRAN, WHEAT BRAN, MILLET, ROLLED OATS, RYE MEAL, SUNFLOWER SEEDS, RYE MIDDLINGS, ORGANIC SPELT FLOUR, MALTED BARLEY FLOUR), SUNFLOWER OIL, CORNSTARCH, HONEY, YEAST, OAT FIBER, WHEAT BRAN, WHEAT GLUTEN, FERMENTED RYE FLOUR, SEA SALT, NATURAL FLAVOR, OLIVE OIL, DRY MOLASSES POWDER (MOLASSES, WHEAT STARCH), DOUGH CONDITIONER (WHEAT STARCH, ASCORBIC ACID), BAKING POWDER (SODIUM ACID PYROPHOSPHATE, SODIUM BICARBONATE, CORNSTARCH, MONOCALCIUM PHOSPHATE)."
948043,1.99,Other Soups,,118.0,g,,,"FILTERED WATER, PORTABELLA MUSHROOMS, NATURAL MUSHROOMS FLAVOR BASE (MUSHROOMS, UNSALTED BUTTER [MILK], NATURAL MUSHROOM CONCENTRATE [MALTODEXTRIN], CITRIC ACID), MODIFIED POTATO STARCH, CREAM POWDER, WHEAT FLOUR, SEA SALT."
951098,14.49,Powdered Drinks,,28.0,g,,8 oz/227 g,"BITTERSWEET CHOCOLATE (SUGAR, CHOCOLATE LIQUOR, COCOA BUTTER, NATURAL VANILLA FLAVOR, SOY LECITHIN [EMULSIFIER]), CANE SUGAR, COCONUT OIL, NON FAT MILK POWDER, COCOA, MALTODEXTRIN (CORN), NATURAL MINT FLAVOR, TRICALCIUM PHOSPHATE, GUAR GUM, SODIUM CASEINATE (A MILK DERIVATIVE), MONO- AND DIGLYCERIDES, DIPOTASSIUM PHOSPHATE, SILICON DIOXIDE, SALT."
952484,2.99,Wholesome Snacks,,30.0,g,0.25 cup,,"BANANAS, COCONUT OIL, SUGAR, NATURAL BANANA FLAVOR, BANANAS, COCONUT OIL, SUGAR, NATURAL BANANA FLAVOR."
952811,2.99,Crackers & Biscotti,,30.0,g,1 ONZ,,"CULTURED LOW FAT BUTTERMILK (LOWFAT MILK, SALT, CULTURE), UNBLEACHED WHEAT FLOUR, CANE SUGAR, SUNFLOWER SEEDS, RAISINS, FLAX SEED, MILLET, BAKING SODA, SEA SALT, DRIED ROSEMARY, BLACK PEPPER, CULTURED LOW FAT BUTTERMILK (LOWFAT MILK, SALT, CULTURE), UNBLEACHED WHEAT FLOUR, CANE SUGAR, SUNFLOWER SEEDS, RAISINS, FLAX SEED, MILLET, BAKING SODA, SEA SALT, DRIED ROSEMARY, BLACK PEPPER."
953412,4.49,Frozen Fruit & Fruit Juice Concentrates,,43.0,g,,,"BANANAS, CHOCOLATE (COCOA BUTTER, CANE SUGAR, CHOCOLATE LIQUOR, SOY LECITHIN, PALM OIL)."
954174,2.99,"Chips, Pretzels & Snacks",,28.0,g,,7 oz,"POTATOES, OLIVE OIL, SALT. "
958363,1.99,Canned Tuna,,56.0,g,2 ONZ,,"SOLID WHITE TUNA, WATER, SALT"
958400,3.29,Other Snacks,,5.0,g,,,"SEAWEED, EXPELLER PRESSED CANOLA OIL, WASABI SEASONING (MALTODEXTRIN, SALT, MODIFIED CORNSTARCH, MUSTARD OIL), SESAME OIL, SUGAR, SEA SALT."
959520,2.49,"Seasoning Mixes, Salts, Marinades & Tenderizers",,0.6000000238418579,g,,,"PAPRIKA FLAKES, SEA SALT, GARLIC, BASIL. "
959742,13.25,Other Snacks,,28.0,g,1 ONZ,,"TURKEY, SUGAR, WATER, SOY SAUCE (WATER, WHEAT, SALT), APPLE CIDER VINEGAR, SALT, FLAVORINGS, PAPRIKA, NATURAL SMOKE FLAVORING, CARAMEL COLOR, TURKEY, SUGAR, WATER, SOY SAUCE (WATER, WHEAT, SOYBEAN, SALT), PINEAPPLE JUICE CONCENTRATE, APPLE CIDER VINEGAR, SALT, FLAVORINGS, PAPRIKA, NATURAL SMOKE FLAVORING, CARAMEL COLOR."
959780,15.99,Other Snacks,,28.0,g,1 ONZ,,"BUFFALO, SUGAR, WATER, SOY SAUCE (WATER, WHEAT, SOYBEANS, SALT, FLAVORINGS, APPLE CIDER VINEGAR, SALT, PAPRIKA, NATURAL SMOKE FLAVORING, BUFFALO, SUGAR, WATER, SOY SAUCE (WATER, WHEAT, SOYBEANS, SALT, FLAVORINGS, APPLE CIDER VINEGAR, SALT, PAPRIKA, NATURAL SMOKE FLAVORING."
960670,2.99,Plant Based Milk,,240.0,ml,1 cup,,"FILTERED WATER, COCONUT CREAM, TRICALCIUM PHOSPHATE, CARRAGEENAN, GELLAN GUM, SEA SALT, NATURAL FLAVORS, VITAMIN A PALMITATE, ERGOCALCIFEROL (VITAMIN D2), CYANOCOBALAMIN (VITAMIN B12)."
960700,4.99,Vegetable & Cooking Oils,,15.0,ml,,,ORGANIC VIRGIN COCONUT OIL.
960717,2.99,"Granulated, Brown & Powdered Sugar",,4.0,g,,,"ORGANIC COCONUT SUGAR, ORGANIC COCONUT PALM SUGAR."
961202,14.49,Honey,,21.0,g,,,100% RAW ORGANIC WILD HONEY.
961592,2.99,"Ketchup, Mustard, BBQ & Cheese Sauce",,5.0,ml,1 tsp,,"WATER, HABANERO CHILIS, VINEGAR, ONION, SUGAR, GARLIC, SALT, SUNFLOWER OIL, XANTHAN GUM."
963275,3.99,Dips & Salsa,,18.0,g,1 Tbsp,,"SUGAR, CREAM (CREAM, CARRAGEENAN), SWEETENED CONDENSED MILK (WHOLE MILK, SUGAR), GLUCOSE (TAPIOCA), BUTTER (CREAM, SALT), CHOCOLATE LIQUOR, COCOA POWDER, WATER, CULTURED DEXTROSE (MALTODEXTRIN [COLOR], CULTURED DEXTROSE [FOR FRESHNESS]), SALT., SUGAR, CREAM (CREAM, CARRAGEENAN), SWEETENED CONDENSED MILK (WHOLE MILK, SUGAR), GLUCOSE (TAPIOCA), BUTTER (CREAM, SALT), CHOCOLATE LIQUOR, COCOA POWDER, WATER, CULTURED DEXTROSE (MALTODEXTRIN [COLOR], CULTURED DEXTROSE [FOR FRESHNESS]), SALT."
966894,3.49,Other Grains & Seeds,,42.0,g,0.25 cup,,ORGANIC TRICOLOR QUINOA. 
967051,3.99,Crackers & Biscotti,,15.0,g,,,"WHOLE GRAIN FLOUR (WHEAT, QUINOA, SPELT, MILLET AND KAMUT), ENRICHED WHEAT FLOUR (FLOUR, NIACIN, REDUCED IRON, THIAMIN MONONITRATE, RIBOFLAVIN, FOLIC ACID), SUNFLOWER OIL, WHOLE FLAXSEED, SALT, SUGAR."
969307,1.49,"Popcorn, Peanuts, Seeds & Related Snacks",,40.0,g,,,"DARK CHOCOLATE (CHOCOLATE LIQUOR [PROCESSED WITH ALKALI], SUGAR, COCOA BUTTER, COCOA POWDER, SOY LECITHIN, NATURAL EXTRACT), DRY ROASTED ALMONDS, TURBINADO SUGAR, SEA SALT."
970303,2.49,Other Cooking Sauces,,15.0,ml,,,"RICE VINEGAR (MADE FROM RICE), DILUTED WITH WATER TO 4.2% ACIDITY (42 GRAIN)."
970747,2.99,Cheese,,30.0,g,,,"FILTERED WATER, COCONUT OIL, MID-OLEIC SUNFLOWER OIL, SOY PROTEIN CONCENTRATE, CORNSTARCH, SEA SALT, TRICALCIUM PHOSPHATE, NATURAL FLAVORS, XANTHAN GUM, LOCUST BEAN GUM, GUAR GUM, VEGAN CULTURE, LACTIC ACID (NON-DAIRY)."
975322,2.99,Plant Based Water,,240.0,ml,,,"ORGANIC COCONUT BASE (WATER, ORGANIC COCONUT CREAM), CALCIUM PHOSPHATE, MAGNESIUM PHOSPHATE, GUAR GUM, XANTHAN GUM, VITAMIN A ACETATE, VITAMIN D2, L-SELENOMETHIONINE (SELENIUM), ZINC OXIDE, FOLIC ACID, VITAMIN B12."
976886,3.99,Chocolate,,33.0,g,1.1 ONZ,,"HONEY, CHOCOLATE LIQUOR, OIL OF PEPPERMINT."
979153,4.49,Dips & Salsa,,28.0,g,2 Tbsp,,"LOW FAT GREEK YOGURT (GRADE A SKIM MILK, CREAM, AGAR, PECTIN, CULTURES), SPINACH, WATER CHESTNUTS, MAYONNAISE (CANOLA OIL, EGG YOLKS, WATER, WHITE WINE VINEGAR, MUSTARD POWDER, LEMON JUICE CONCENTRATE), KALE, SEASONING (DEHYDRATED ONIONS, SALT, GARLIC POWDER, CORN STARCH, MUSHROOM POWDER, DILL, CELERY), RED PEPPERS, CARROTS, GREEN ONIONS, AGAVE NECTAR, DEHYDRATED ONIONS, SEA SALT, XANTHAN GUM, GARLIC."
980388,2.99,All Noodles,,57.0,g,2 ONZ,,"RICE FLOUR, WATER, TAPIOCA STARCH, TAPIOCA SUGAR, XANTHAN GUM, GUAR GUM, SALT."
980425,2.99,Chocolate,,13.0,g,,,"BELGIAN UNSWEETENED CHOCOLATE, SUGAR, COCOA, SOY LECITHIN (AN EMULSIFIER), NATURAL VANILLA FLAVOR, BELGIAN UNSWEETENED CHOCOLATE, SUGAR, COCOA, SOY LECITHIN (AN EMULSIFIER), NATURAL VANILLA FLAVOR."
981477,3.99,"Chips, Pretzels & Snacks",,28.0,g,1 ONZ,,"KALE, CASHEWS, TAHINI (GROUND SESAME SEEDS), CARROT POWDER, ONION POWDER, CANE SUGAR, LEMON JUICE CONCENTRATE, MUSTARD POWDER, SALT GARLIC POWDER, KALE, CASHEWS, SUNFLOWER SEEDS, CARROT POWDER, RED BELL PEPPER POWDER, ONION POWDER, APPLE CIDER VINEGAR, LEMON JUICE CONCENTRATE, SALT, GARLIC POWDER, CHIPOTLE POWDER."
981866,8.99,Wholesome Snacks,,28.0,g,1 ONZ,,"COCONUT, SALT, SUGAR, COCONUT MILK, COCONUT JUICE."
982320,,"Fruit & Vegetable Juice, Nectars & Fruit Drinks",,240.0,ml,,,"FILTERED WATER, CRANBERRY JUICE CONCENTRATE, CRYSTALLINE FRUCTOSE (FROM CANE OR BEET SUGAR), CONTAINS 2% OR LESS OF THE FOLLOWING: COLORING (BLACK CURRANT JUICE EXTRACT, BLACK CARROT JUICE EXTRACT), ORGANIC NATURAL CRANBERRY POMEGRANATE FLAVOR WITH OTHER NATURAL FLAVORS, STEVIA EXTRACT (REBAUDIOSIDE-A)."
984645,2.99,Other Soups,,245.0,g,1 cup,,"WATER, CHICKEN MEAT, CARROTS, CELERY, ONIONS, PASTA (ENRICHED FLOUR [DURUM SEMOLINA WHEAT FLOUR, EGG WHITE, WHOLE EGG, NIACIN, FERROUS SULFATE, THIAMIN MONONITRATE, RIBOFLAVIN AND FOLIC ACID)), NATURAL CHICKEN BROTH FLAVOR, BASE ((CHICKEN BROTH, SALT, NATURAL FLAVORS, YEAST EXTRACT, DEXTROSE, VEGETABLE JUICE CONCENTRATE [CARROT, CELERY, ONION], CARROT EXTRACT, TURMERIC EXTRACT), POTATO STARCH."
984850,10.99,Vegetable & Cooking Oils,,15.0,ml,1 Tbsp,,100% EXTRA VIRGIN OLIVE OIL
985994,2.49,Other Soups,,240.0,ml,1 cup,,"WATER, BLACK BEANS, ONION, RED BELL PEPPER, GREEN BELL PEPPER, FLAVOR CONCENTRATE (TOMATO PUREE [TOMATO PASTE, WATER], SEA SALT, SUGAR, CANOLA OIL, SPICES, CHIPOTLE PEPPER, NATURAL FLAVOR), TOMATO PASTE, GARLIC, SEA SALT, OLIVE OIL, CUMIN, GUAR GUM, BLACK PEPPER."
987059,2.29,Cereal,,53.0,g,1 cup,,"SOY PROTEIN CONCENTRATE, CORN SYRUP, WHOLE GRAIN FLOUR BLEND (HARD RED WHEAT, OAT GROATS, TRITICALE BERRIES, RYE BERRIES, DEHULLED BARLEY, SOFT WHITE WHEAT, SPELT BERRIES, HARD WHITE WHEAT, FLAX), EVAPORATED CANE JUICE CRYSTALS, INULIN (CHICKORY ROOT FIBER), HONEY, PUFFED RED WHEAT, ALMONDS, FLAXSEED, PUFFED BROWN RICE, RICE STARCH, ORGANIC SUNFLOWER OIL, WHOLE ROLLED OATS, BARLEY MALT EXTRACT, SALT, NATURAL FLAVORS, MIXED TOCOPHEROLS (VITAMIN E AS NATURAL ANTIOXIDANTS FOR FRESHNESS)."
987417,2.29,Wholesome Snacks,,35.0,g,,,"MANGO, SUGAR, GLYCERIN, MANGO JUICE, SULFUR DIOXIDE (ADDED FOR FRESHNESS)."
988384,2.99,Dips & Salsa,,31.0,g,2 Tbsp,,"ORGANIC TOMATO PUREE (WATER, ORGANIC TOMATO PASTE), ORGANIC TOMATILLO, ORGANIC ROASTED YELLOW CHILI, ORGANIC ONION, SALT, ORGANIC CILANTRO, ORGANIC DRIED GARLIC, CITRIC ACID, ORGANIC TOMATO PUREE (WATER, ORGANIC TOMATO PASTE), ORGANIC TOMATILLO, ORGANIC ROASTED YELLOW CHILI, ORGANIC ONION, SALT, ORGANIC CILANTRO, ORGANIC DRIED GARLIC, CITRIC ACID."
988582,3.99,Dips & Salsa,,28.0,g,2 Tbsp,,"EDAMAME (SOY), CHICKPEAS. WATER, SUNFLOWER OIL, SESAME TAHINI, LEMON JUICE, SEA SALT, SUGAR, GARLIC, CITRIC ACID (FOR FRESHNESS), ONION POWDER, GUAR GUM."
989022,1.69,Baking Additives & Extracts,,80.0,ml,,,"ORGANIC COCONUT, WATER, COCONUT EXTRACTED, SODIUM CARBOXY METHYL CELLULOSE, XANTHAN GUM, WATER."
990165,2.88,Chocolate,,42.0,g,12 PIECES,,"DARK CHOCOLATE (SUGAR, COCOA MASS, COCOA BUTTER, SOY LECITHIN, NATURAL VANILLA FLAVOR), PUFFED RICE (RICE FLOUR, SUGAR, BARLEY MALT EXTRACT, SALT, CALCIUM CARBONATE, RAPESEED OIL, SOY LECITHIN), DARK CHOCOLATE (SUGAR, COCOA MASS, COCOA BUTTER, SOY LECITHIN, NATURAL VANILLA FLAVOR, PUFFED RICE (RICE FLOUR, SUGAR, BARLEY MALT EXTRACT, SALT, CALCIUM CARBONATE, RAPESEED OIL, SOY LECITHIN. COCOA SOLIDS 57% MINIMUM."
990370,4.99,"Fruit & Vegetable Juice, Nectars & Fruit Drinks",,240.0,ml,8 OZA,,"FILTERED WATER, CONCENTRATED ORANGE JUICE, TRICALCIUM PHOSPHATE, CALCIUM LACTATE (CALCIUM SOURCE). "
992633,3.49,Dips & Salsa,,30.0,g,,,"ROASTED TOMATO, TOMATO (VINE-RIPENED CALIFORNIA TOMATO, CALCIUM CHLORIDE, CITRIC ACID [FOR FRESHNESS]), FILTERED WATER, ROASTED ONION, TOMATO PASTE, CHIPOTLE PEPPER (WATER, CHIPOTLE PEPPER, TOMATO PASTE, SALT, ORGANIC DISTILLED WHITE VINEGAR, ORGANIC SESAME OIL, DRIED GARLIC, PAPRIKA), ROASTED GARLIC, SALT, CILANTRO, LIME JUICE FROM CONCENTRATE, APPLE CIDER VINEGAR."
993432,1.99,"Ketchup, Mustard, BBQ & Cheese Sauce",,5.0,g,,,"WATER, MUSTARD SEED, DISTILLED VINEGAR, SALT, WHITE WINE (CONTAINS SULFITES), SUGAR, CITRIC ACID, SPICES."
993500,12.99,Vegetable & Cooking Oils,,15.0,ml,,,GREEK KALAMATA EXTRA VIRGIN OLIVE OIL.
11784388,4.49,Cookies & Biscuits,,30.0,g,1 ONZ,,"WHOLE WHEAT FLOUR, UNBLEACHED ENRICHED FLOUR (WHEAT FLOUR, NIACIN, REDUCED IRON, THIAMINE MONONITRATE, RIBOFLAVIN, FOLIC ACID), CANE SUGAR, EXPELLER PRESSED CANOLA OIL, HONEY, SOY LECITHIN, NATURAL FLAVOR, BAKING SODA, SALT, TOPPING (CANE SUGAR, CINNAMON)."
89962244,2.49,"Seasoning Mixes, Salts, Marinades & Tenderizers",,0.8,g,0.25 tsp,,"BLACK PEPPERCORNS, SEA SALT, ONION, LEMON RIND, GARLIC, LEMON OIL, CITRIC ACID."
5100000875,3.79,Ice Cream & Frozen Yogurt,,99.0,g,0.5 cup,,"SKIM MILK, CREAM, GLUCOSE SYRUP (CORN), CANE SUGAR, SWEETENED CONDENSED MILK (CONDENSED MILK, CANE SUGAR), EGG YOLKS, CARAMELIZED SUGAR (CANE SUGAR, WATER), PECTIN, SEA SALT, SOY LECITHIN, NATURAL CARAMEL FLAVOR, BAKING SODA, VANILLA EXTRACT."
41498112103,7.49,Other Meats,,112.0,g,4 ONZ,,GROUND BEEF.
227871000000,4.99,Cheese,,,,,,"PASTEURIZED MILK, CHEESE CULTURES, SALT, VEGETABLE RENNET, ANNATTO (FOR COLOR)"
750456000000,4.99,Vegetable & Cooking Oils,,,,,, COCONUT
869210000000,4.99,Cereal,,,,,, COCONUT
